日期,證券代號,證券名稱,成交股數,成交金額,開盤價,最高價,最低價,收盤價,漲跌價差,成交筆數
"1150326","0050","元大台灣50","80069071","6102674371","76.30","76.85","75.60","75.80","-0.4000","80270"
"1150326","0051","元大中型100","59883","6680493","110.10","112.65","110.10","110.30","0.0000","520"
"1150326","0052","富邦科技","23579476","1065190498","45.21","45.49","44.86","44.90","-0.1800","14997"
"1150326","0053","元大電子","12912","2213114","172.00","172.70","170.95","170.95","0.4500","183"
"1150326","0055","元大MSCI金融","80411","2616865","32.55","32.66","32.45","32.46","-0.1400","382"
"1150326","0056","元大高股息","30512264","1180034826","38.60","38.85","38.55","38.56","-0.0200","18701"
"1150326","0057","富邦摩台","8980","2042849","228.80","229.30","225.65","226.50","-0.9000","112"
"1150326","0061","元大寶滬深","75471","1741287","23.24","23.24","23.00","23.00","-0.0700","170"
"1150326","006203","元大MSCI台灣","2588","358110","138.95","138.95","138.95","138.95","0.8000","105"
"1150326","006204","永豐臺灣加權","6483","1110066","172.00","172.00","170.60","171.35","0.1500","112"
"1150326","006205","富邦上証","158876","6236919","39.51","39.52","39.00","39.00","-0.4300","258"
"1150326","006206","元大上證50","33683","1211435","36.00","36.25","35.77","35.77","-0.3800","191"
"1150326","006207","復華滬深","109873","3403527","31.12","31.12","30.81","30.81","-0.2600","118"
"1150326","006208","富邦台50","2761058","488968490","177.05","178.45","175.95","176.15","-0.4000","6511"
"1150326","00625K","富邦上証+R","","","","","","","0.0000",""
"1150326","00632R","元大台灣50反1","101337032","1425574341","14.04","14.19","13.94","14.19","0.0900","11015"
"1150326","00633L","富邦上証正2","2372471","108549840","45.85","46.13","45.32","45.35","-0.3700","376"
"1150326","00634R","富邦上証反1","549020","1817446","3.31","3.33","3.30","3.33","0.0000","11"
"1150326","00635U","期元大S&P黃金","7838923","375039592","48.05","48.05","47.56","47.56","-0.7000","10613"
"1150326","00636","國泰中國A50","333376","8889477","26.74","26.76","26.55","26.55","-0.1900","216"
"1150326","00636K","國泰中國A50+U","200","1682","8.41","8.41","8.41","8.41","0.0400","2"
"1150326","00637L","元大滬深300正2","18835105","357208173","18.94","19.08","18.76","18.76","-0.1700","2089"
"1150326","00638R","元大滬深300反1","402058","2865976","7.14","7.17","7.11","7.17","0.0200","32"
"1150326","00639","富邦深100","331436","5207048","15.76","15.79","15.60","15.62","-0.1300","217"
"1150326","00640L","富邦日本正2","619740","53518061","87.25","87.30","85.05","85.05","-1.5000","214"
"1150326","00641R","富邦日本反1","1321175","5633390","4.21","4.29","4.21","4.29","0.0500","80"
"1150326","00642U","期元大S&P石油","20927720","519982558","24.70","25.01","24.68","24.98","0.9100","5751"
"1150326","00643","群益深証中小","1961754","34736141","17.81","17.81","17.54","17.54","-0.2800","158"
"1150326","00643K","群益深証中小+R","","","","","","","0.0000",""
"1150326","00645","富邦日本","154966","7892277","51.10","51.20","50.60","50.60","-0.4000","420"
"1150326","00646","元大S&P500","3234686","213748353","66.25","66.25","65.90","65.95","-0.4500","4892"
"1150326","00647L","元大S&P500正2","69922","7444010","106.75","107.10","105.95","106.00","-1.3500","163"
"1150326","00648R","元大S&P500反1","1685100","7695845","4.56","4.59","4.55","4.59","0.0400","56"
"1150326","00650L","復華香港正2","4016271","66525962","16.84","16.85","16.34","16.34","-0.3600","750"
"1150326","00651R","復華香港反1","138889","756123","5.39","5.46","5.39","5.46","0.0500","24"
"1150326","00652","富邦印度","292912","9631245","32.94","32.99","32.76","32.76","-0.1700","408"
"1150326","00653L","富邦印度正2","145875","6521917","45.18","45.18","44.36","44.40","-0.7800","134"
"1150326","00654R","富邦印度反1","93100","658057","7.06","7.10","7.05","7.10","0.0600","22"
"1150326","00655L","國泰中國A50正2","1142528","36468491","31.83","32.13","31.58","31.60","-0.2300","238"
"1150326","00656R","國泰中國A50反1","193530","1223904","6.32","6.35","6.29","6.35","0.0200","18"
"1150326","00657","國泰日經225","46053","2906420","63.55","63.55","62.55","62.55","-0.7500","85"
"1150326","00657K","國泰日經225+U","200","3952","19.76","19.76","19.76","19.76","0.0600","2"
"1150326","00660","元大歐洲50","8765","357287","40.79","40.79","40.64","40.72","0.0800","83"
"1150326","00661","元大日經225","140484","9718291","69.60","69.80","68.70","68.75","-0.5500","311"
"1150326","00662","富邦NASDAQ","3096501","306491430","99.30","99.30","98.60","98.80","-0.4500","4141"
"1150326","00663L","國泰臺灣加權正2","14571674","898576623","61.60","62.70","60.55","60.55","-0.6000","6717"
"1150326","00664R","國泰臺灣加權反1","19281512","43856552","2.28","2.30","2.25","2.29","0.0100","656"
"1150326","00665L","富邦恒生國企正2","15226001","144012300","9.63","9.65","9.31","9.32","-0.2400","1955"
"1150326","00666R","富邦恒生國企反1","38000","356030","9.32","9.41","9.32","9.41","0.1300","9"
"1150326","00668","國泰美國道瓊","66725","3600898","54.15","54.15","53.95","53.95","-0.2500","97"
"1150326","00668K","國泰美國道瓊+U","200","3392","16.96","16.96","16.96","16.96","0.1100","2"
"1150326","00669R","國泰美國道瓊反1","1303350","7766709","5.94","5.97","5.94","5.97","0.0400","85"
"1150326","00670L","富邦NASDAQ正2","1361526","194451655","143.30","143.50","141.80","142.15","-1.5000","1513"
"1150326","00671R","富邦NASDAQ反1","3832163","11518147","3.00","3.02","2.99","3.02","0.0200","218"
"1150326","00673R","期元大S&P原油反1","6232667","116186612","18.50","18.74","18.50","18.65","-0.2500","1548"
"1150326","00674R","期元大S&P黃金反1","2332199","12787577","5.46","5.52","5.45","5.52","0.0800","101"
"1150326","00675L","富邦臺灣加權正2","3937314","735207326","187.40","189.90","183.55","183.55","-2.0500","3172"
"1150326","00676R","富邦臺灣加權反1","7723588","59750999","7.73","7.79","7.66","7.79","0.0300","597"
"1150326","00678","群益那斯達克生技","283646","10029721","35.21","35.39","35.21","35.38","0.8300","121"
"1150326","00680L","元大美債20正2","7080672","50048259","7.08","7.09","7.05","7.05","-0.0400","479"
"1150326","00681R","元大美債20反1","17000","357940","21.01","21.06","21.01","21.06","0.0600","3"
"1150326","00682U","期元大美元指數","4048","82678","20.40","20.45","20.40","20.45","0.0500","4"
"1150326","00683L","期元大美元指正2","66135","1418044","21.40","21.47","21.38","21.46","0.2100","23"
"1150326","00684R","期元大美元指反1","180","2752","","","","","0.0000","1"
"1150326","00685L","群益臺灣加權正2","1443148","242640470","168.75","171.00","165.15","165.15","-1.8500","1257"
"1150326","00686R","群益臺灣加權反1","5024386","6962226","1.38","1.40","1.37","1.40","0.0100","149"
"1150326","00688L","國泰20年美債正2","2832750","19963823","7.07","7.07","7.03","7.03","-0.0400","235"
"1150326","00689R","國泰20年美債反1","52000","1140840","21.94","21.94","21.92","21.92","-0.0300","3"
"1150326","00690","兆豐藍籌30","444054","23756515","53.25","53.75","53.05","53.10","0.0000","280"
"1150326","00692","富邦公司治理","922254","61866953","67.10","67.60","66.60","66.70","-0.3500","981"
"1150326","00693U","期街口S&P黃豆","1598454","35421261","22.13","22.19","22.11","22.17","0.4300","364"
"1150326","00700","富邦恒生國企","278137","4827044","17.48","17.55","17.21","17.21","-0.1700","118"
"1150326","00701","國泰股利精選30","360943","10431307","28.95","29.01","28.81","28.87","-0.0500","450"
"1150326","00702","國泰標普低波高息","125123","2955170","23.56","23.63","23.56","23.60","0.0000","68"
"1150326","00703","台新MSCI中國","50097","1011049","20.67","20.67","20.05","20.05","-0.1100","85"
"1150326","00706L","期元大S&P日圓正2","2254570","43928762","19.49","19.52","19.47","19.51","-0.0700","343"
"1150326","00707R","期元大S&P日圓反1","","","","","","","0.0000",""
"1150326","00708L","期元大S&P黃金正2","6588153","608850868","92.80","93.35","91.25","91.25","-2.7000","4615"
"1150326","00709","富邦歐洲","120952","4399682","36.42","36.50","36.28","36.30","-0.1200","201"
"1150326","00710B","復華彭博非投等債","61598","1157130","18.80","18.80","18.77","18.78","-0.0200","43"
"1150326","00711B","復華彭博新興債","106400","1692879","15.91","15.92","15.90","15.90","0.0000","20"
"1150326","00712","復華富時不動產","40407867","348049853","8.63","8.63","8.59","8.63","0.0900","5638"
"1150326","00713","元大台灣高息低波","4068084","210591682","51.85","51.90","51.60","51.70","-0.1500","3980"
"1150326","00714","群益道瓊美國地產","112739","2269805","20.17","20.17","20.12","20.13","-0.1900","92"
"1150326","00715L","期街口布蘭特正2","24712115","1297285789","52.20","52.95","51.75","52.80","2.9700","6799"
"1150326","00717","富邦美國特別股","89972","1343843","14.93","14.99","14.91","14.92","0.0100","192"
"1150326","00728","第一金工業30","100005","4533372","44.90","45.60","44.90","45.00","0.0800","300"
"1150326","00730","富邦臺灣優質高息","265311","6193745","23.52","23.71","23.11","23.11","-0.3300","348"
"1150326","00731","復華富時高息低波","530916","37499684","70.65","70.90","70.45","70.60","-0.0500","208"
"1150326","00733","富邦臺灣中小","1113493","63687781","56.90","58.05","56.05","56.05","-0.7500","897"
"1150326","00735","國泰臺韓科技","2506923","169311551","68.40","68.40","66.90","67.05","-1.4500","2067"
"1150326","00736","國泰新興市場","200173","5627229","28.18","28.19","28.03","28.03","-0.0900","70"
"1150326","00737","國泰AI機器人","178277","5870374","33.00","33.00","32.82","32.93","-0.2400","299"
"1150326","00738U","期元大道瓊白銀","7279970","425582721","58.90","59.00","57.70","57.70","-2.0500","5699"
"1150326","00739","元大MSCI A股","119336","3183156","26.73","26.77","26.50","26.50","-0.2200","240"
"1150326","00752","中信中國50","1195149","28854749","24.50","24.50","23.81","23.82","-0.2100","643"
"1150326","00753L","中信中國50正2","18994002","195935659","10.49","10.55","10.14","10.15","-0.2300","1951"
"1150326","00757","統一FANG+","2284142","243881084","107.15","107.15","106.45","106.60","-1.0000","6023"
"1150326","00762","元大全球AI","344039","28285899","82.20","82.50","81.80","81.95","-0.1000","571"
"1150326","00763U","期街口道瓊銅","916078","27390016","30.12","30.12","29.75","29.75","-0.3900","574"
"1150326","00770","國泰北美科技","294664","15006144","51.20","51.20","50.75","50.85","-0.3500","875"
"1150326","00771","元大US高息特別股","11228","179833","15.98","16.06","15.98","16.00","0.0000","114"
"1150326","00775B","新光投等債15+","80970","2619958","32.36","32.36","32.36","32.36","-0.1500","73"
"1150326","00783","富邦中証500","29174","794188","27.33","27.34","27.04","27.04","-0.3900","130"
"1150326","00830","國泰費城半導體","10595844","596030543","56.45","56.50","55.95","56.10","-0.2000","7287"
"1150326","00850","元大臺灣ESG永續","869116","55237417","63.60","64.15","63.20","63.30","0.0000","1022"
"1150326","00851","台新全球AI","1841","102880","56.10","56.10","56.10","56.10","-0.1000","77"
"1150326","00852L","國泰美國道瓊正2","479413","13398962","28.03","28.08","27.87","27.87","-0.3400","111"
"1150326","00861","元大全球未來通訊","343429","22415636","65.85","65.85","65.10","65.10","-0.9000","2163"
"1150326","00865B","國泰US短期公債","3651933","176179387","48.28","48.28","48.19","48.24","-0.0100","633"
"1150326","00875","國泰網路資安","103542","3998055","38.62","38.68","38.50","38.53","0.0800","153"
"1150326","00876","元大全球5G","212816","13696496","64.65","64.75","64.05","64.05","-0.3500","2092"
"1150326","00878","國泰永續高股息","34144244","768886682","22.48","22.63","22.40","22.44","0.0000","16143"
"1150326","00881","國泰台灣科技龍頭","11960730","449707730","37.50","37.94","37.25","37.26","-0.1200","5479"
"1150326","00882","中信中國高股息","5822478","91327539","15.76","15.83","15.50","15.52","-0.2000","1937"
"1150326","00885","富邦越南","3434531","57839390","16.86","16.95","16.75","16.79","-0.0700","1248"
"1150326","00891","中信關鍵半導體","6515264","159895512","24.60","24.72","24.36","24.38","-0.1200","3285"
"1150326","00892","富邦台灣半導體","1789735","53502770","30.03","30.09","29.62","29.62","-0.0200","737"
"1150326","00893","國泰智能電動車","2146421","73326527","34.18","34.27","34.07","34.08","0.2200","811"
"1150326","00894","中信小資高價30","1480977","51752826","34.98","35.28","34.59","34.64","-0.1200","1052"
"1150326","00895","富邦未來車","511991","20503757","40.09","40.16","39.90","39.94","-0.0100","450"
"1150326","00896","中信綠能及電動車","1781298","37941847","21.22","21.46","21.06","21.07","-0.1200","925"
"1150326","00897","富邦基因免疫生技","440038","4261736","9.71","9.73","9.66","9.67","0.1000","193"
"1150326","00898","國泰基因免疫革命","434017","3477715","7.94","8.04","7.94","7.99","0.1000","234"
"1150326","00899","FT潔淨能源","167002","4014208","24.00","24.07","23.95","24.02","0.3900","929"
"1150326","00900","富邦特選高股息30","5550975","79001789","14.38","14.38","14.15","14.15","-0.1600","2257"
"1150326","00901","永豐智能車供應鏈","697796","21136305","30.31","30.53","29.99","29.99","-0.1600","235"
"1150326","00902","中信電池及儲能","1892691","27244425","14.29","14.50","14.27","14.28","0.0000","568"
"1150326","00903","富邦元宇宙","270655","4249029","15.70","15.73","15.65","15.65","-0.0100","238"
"1150326","00904","新光臺灣半導體30","2302849","66943386","29.20","29.35","28.79","28.79","-0.3000","1464"
"1150326","00905","FT臺灣Smart","667357","13318282","19.90","20.06","19.78","19.80","-0.0800","791"
"1150326","00907","永豐優息存股","644304","9524161","14.86","14.87","14.71","14.73","-0.1300","441"
"1150326","00908","富邦入息REITs+","296527","4010092","13.57","13.58","13.48","13.53","-0.0400","157"
"1150326","00909","國泰數位支付服務","2884450","114826079","39.64","39.89","39.60","39.65","0.0100","1480"
"1150326","00910","第一金太空衛星","4143114","254589644","61.35","61.95","60.80","61.00","2.4000","5353"
"1150326","00911","兆豐洲際半導體","627680","23195539","36.86","37.06","36.86","36.89","0.1100","2064"
"1150326","00912","中信臺灣智慧50","427592","10663613","24.98","25.10","24.76","24.79","-0.0800","269"
"1150326","00913","兆豐台灣晶圓製造","328105","10010632","30.78","30.78","30.21","30.25","-0.2500","239"
"1150326","00915","凱基優選高股息30","4109810","96342647","23.45","23.55","23.36","23.45","0.0000","890"
"1150326","00916","國泰全球品牌50","425512","10668822","25.20","25.20","25.00","25.01","-0.1900","546"
"1150326","00917","中信特選金融","1031781","21033192","20.45","20.45","20.35","20.36","-0.0700","436"
"1150326","00918","大華優利高填息30","14328338","319512738","22.36","22.40","22.21","22.24","-0.1100","8088"
"1150326","00919","群益台灣精選高息","91633198","2084684390","22.90","22.91","22.63","22.63","-0.2200","44090"
"1150326","00920","富邦ESG綠色電力","638942","13953303","21.72","21.93","21.72","21.74","0.1000","1862"
"1150326","00921","兆豐龍頭等權重","167508","3135430","18.71","18.86","18.58","18.61","-0.0300","227"
"1150326","00922","國泰台灣領袖50","13252062","375550979","28.32","28.53","28.15","28.15","-0.1100","6486"
"1150326","00923","群益台ESG低碳50","2720871","79478492","29.29","29.42","28.99","28.99","-0.1200","1878"
"1150326","00924","復華S&P500成長","2336982","64428001","27.65","27.65","27.49","27.52","-0.1400","2802"
"1150326","00926","凱基全球菁英55","1207585","27390563","22.74","22.74","22.59","22.61","-0.0900","366"
"1150326","00927","群益半導體收益","4208175","104194690","24.88","24.97","24.56","24.58","-0.1500","2333"
"1150326","00929","復華台灣科技優息","19811257","388891301","19.69","19.76","19.44","19.44","-0.1900","4972"
"1150326","00930","永豐ESG低碳高息","664790","11560283","17.45","17.50","17.30","17.34","-0.0700","280"
"1150326","00932","兆豐永續高息等權","201469","2982521","14.84","14.87","14.70","14.72","-0.0200","221"
"1150326","00934","中信成長高股息","2565505","54997892","21.55","21.60","21.27","21.27","-0.2300","874"
"1150326","00935","野村臺灣新科技50","10502219","403124996","38.28","38.76","37.99","38.00","-0.1800","3455"
"1150326","00936","台新永續高息中小","1154018","20610415","17.88","17.95","17.75","17.78","-0.0200","395"
"1150326","00938","凱基優選30","946155","17591553","18.61","18.73","18.53","18.59","0.0000","176"
"1150326","00939","統一台灣高息動能","2646164","41552547","15.83","15.87","15.60","15.62","-0.2100","1117"
"1150326","00940","元大台灣價值高息","18364608","178580032","9.73","9.77","9.65","9.66","-0.0500","3142"
"1150326","00941","中信上游半導體","3060560","67939965","22.27","22.28","22.11","22.11","-0.1400","3016"
"1150326","00943","兆豐電子高息等權","244739","3749153","15.30","15.40","15.20","15.20","-0.0100","107"
"1150326","00944","野村趨勢動能高息","375674","5785930","15.49","15.52","15.34","15.36","-0.0700","263"
"1150326","00945B","凱基美國非投等債","4822875","69628525","14.47","14.47","14.42","14.43","-0.0200","480"
"1150326","00946","群益科技高息成長","4667420","47780775","10.26","10.28","10.17","10.22","0.0200","852"
"1150326","00947","台新臺灣IC設計","3330949","81553772","24.63","24.82","23.93","23.93","-0.4200","1876"
"1150326","00949","復華日本龍頭","701983","13552512","19.39","19.44","19.20","19.22","-0.0700","494"
"1150326","00951","台新日本半導體","2021108","27402803","13.65","13.69","13.45","13.47","-0.1900","852"
"1150326","00952","凱基台灣AI50","2114136","27859459","13.23","13.34","13.01","13.03","-0.1300","459"
"1150326","00953B","群益優選非投等債","28086482","271496535","9.67","9.68","9.65","9.66","0.0100","4974"
"1150326","00954","中信日本半導體","1942367","28173735","14.65","14.65","14.37","14.37","-0.2100","862"
"1150326","00956","中信日經高股息","235867","2892787","12.39","12.39","12.23","12.23","-0.1100","215"
"1150326","00960","野村全球航運龍頭","783520","13631068","17.55","17.55","17.36","17.40","-0.1500","381"
"1150326","00961","FT臺灣永續高息","2366921","23707942","10.01","10.08","9.98","9.99","-0.0500","842"
"1150326","00962","台新AI優息動能","115203","1267723","11.04","11.10","10.88","10.88","-0.1100","197"
"1150326","00963","中信全球高股息","1207770","14822764","12.24","12.30","12.24","12.26","0.0400","233"
"1150326","00964","中信亞太高股息","3064513","41678796","13.70","13.71","13.50","13.51","-0.1900","560"
"1150326","00965","元大航太防衛科技","3713619","92886507","25.19","25.19","24.90","24.90","-0.1100","1821"
"1150326","00971","野村美國研發龍頭","367915","5466484","14.89","14.90","14.82","14.84","-0.0300","373"
"1150326","00972","野村日本動能高息","237068","4463165","18.97","18.97","18.75","18.75","-0.2300","79"
"1150326","009800","中信NASDAQ","1378667","14794611","10.77","10.77","10.70","10.70","-0.0700","847"
"1150326","009801","中信美國創新科技","1453565","14966087","10.32","10.32","10.27","10.27","-0.0500","401"
"1150326","009802","富邦旗艦50","4918114","63160522","12.87","12.95","12.73","12.73","-0.1300","665"
"1150326","009803","保德信市值動能50","1507383","23746320","15.82","15.94","15.62","15.63","-0.0900","597"
"1150326","009804","聯邦台精彩50","713403","12129645","16.94","17.09","16.83","16.83","-0.0700","215"
"1150326","009805","新光美國電力基建","13501677","205730408","15.28","15.29","15.17","15.22","0.0200","3620"
"1150326","009808","華南永昌優選50","990142","22107473","22.41","22.43","22.15","22.17","-0.1200","84"
"1150326","009809","富邦淨零ESG50","597842","7371887","12.40","12.44","12.30","12.35","-0.0300","31"
"1150326","00980A","主動野村臺灣優選","11312356","202275697","17.90","18.03","17.67","17.69","-0.0300","3555"
"1150326","009810","保德信全球藍籌","94697","1704719","18.15","18.15","17.98","17.99","-0.0400","64"
"1150326","009811","統一美國50","2241772","24889134","11.14","11.15","11.07","11.09","-0.0500","1399"
"1150326","009812","野村日本東證","1040954","11841901","11.44","11.44","11.30","11.30","-0.1400","281"
"1150326","009813","貝萊德標普卓越50","4708881","46823164","9.98","9.98","9.92","9.93","-0.0400","2051"
"1150326","009816","凱基台灣TOP50","119921811","1297568826","10.82","10.90","10.74","10.74","-0.0400","25989"
"1150326","009817","國泰日本不動產","11238615","106242568","9.52","9.52","9.43","9.46","-0.1400","1325"
"1150326","009818","華南永昌NASDAQxT","1496169","22354856","15.04","15.04","14.90","14.90","-0.1300","339"
"1150326","00981A","主動統一台股增長","177522425","3752444569","20.96","21.33","20.91","20.92","0.0500","41812"
"1150326","00981T","平衡凱基雙核收息","2714822","29994730","11.10","11.10","11.03","11.04","0.0100","384"
"1150326","00982A","主動群益台灣強棒","31592339","534911658","16.97","17.10","16.73","16.73","-0.1500","9249"
"1150326","00982D","主動富邦動態入息","4351456","43639502","10.03","10.04","10.02","10.03","0.0000","104"
"1150326","00982T","平衡兆豐台美動能","1323615","14739483","11.13","11.24","11.09","11.09","-0.0400","81"
"1150326","00983A","主動中信ARK創新","2008364","21535646","10.72","10.76","10.68","10.70","-0.0200","642"
"1150326","00983D","主動富邦複合收益","1164078","11841509","10.20","10.20","10.16","10.16","-0.0100","257"
"1150326","00984A","主動安聯台灣高息","4927324","62430995","12.68","12.77","12.55","12.55","-0.0700","1845"
"1150326","00984D","主動聯博全球非投","1926828","19154373","9.94","9.96","9.94","9.94","0.0000","145"
"1150326","00985A","主動野村台灣50","10850825","180236591","16.63","16.75","16.46","16.46","-0.0300","1945"
"1150326","00985B","群益ESG投等債0-5","6502986","67025636","10.33","10.33","10.30","10.31","-0.0100","611"
"1150326","00986A","主動台新龍頭成長","218612","2630934","12.06","12.06","12.00","12.00","-0.1100","223"
"1150326","00987A","主動台新優勢成長","4487554","56119901","12.45","12.65","12.36","12.38","0.0600","1113"
"1150326","00988A","主動統一全球創新","21860932","291027066","13.40","13.43","13.21","13.22","-0.1300","6731"
"1150326","00989A","主動摩根美國科技","1036711","14540541","14.11","14.11","13.97","13.99","-0.1100","341"
"1150326","00990A","主動元大AI新經濟","23820289","298465506","12.54","12.59","12.44","12.45","-0.0800","4153"
"1150326","00991A","主動復華未來50","84233376","1092741483","12.95","13.16","12.71","12.71","-0.1100","13561"
"1150326","00992A","主動群益科技創新","93500496","1288543529","13.75","13.99","13.57","13.57","0.0100","15554"
"1150326","00993A","主動安聯台灣","28023012","299766989","10.70","10.82","10.56","10.56","-0.0800","3464"
"1150326","00994A","主動第一金台股優","7399089","94507015","12.69","12.93","12.64","12.64","0.0100","1140"
"1150326","00995A","主動中信台灣卓越","9300395","114146453","12.32","12.43","12.10","12.10","-0.0700","1627"
"1150326","00996A","主動兆豐台灣豐收","62567734","665756024","10.50","11.01","10.45","10.45","0.0300","12310"
"1150326","01001T","土銀富邦R1","12000","142120","11.85","11.87","11.84","11.87","0.0200","4"
"1150326","01002T","土銀國泰R1","47000","666780","14.19","14.20","14.18","14.20","0.0000","8"
"1150326","01004T","土銀富邦R2","148000","1631010","11.07","11.07","11.02","11.02","0.0200","8"
"1150326","01007T","兆豐國泰R2","201000","2668250","13.25","13.28","13.25","13.28","0.0100","3"
"1150326","01009T","王道圓滿R1","286000","1647080","5.77","5.83","5.75","5.75","-0.0900","24"
"1150326","01010T","京城樂富R1","1000","10000","10.00","10.00","10.00","10.00","0.0000","1"
"1150326","020000","富邦特選蘋果N","5000","103250","20.65","20.65","20.65","20.65","0.0300","1"
"1150326","020011","統一微波高息20N","","","","","","","0.0000",""
"1150326","020012","富邦行動通訊N","2000","36360","18.18","18.18","18.18","18.18","0.0400","1"
"1150326","02001L","富邦蘋果正二N","22000","1486250","68.60","68.65","66.95","66.95","0.3500","19"
"1150326","02001R","富邦蘋果反一N","35000","24800","0.71","0.71","0.70","0.70","-0.0100","2"
"1150326","020020","元大台股領航N","7000","124720","17.83","17.85","17.66","17.66","-0.1700","5"
"1150326","020028","元大特選電動車N","19000","291750","15.34","15.41","15.17","15.30","0.1300","14"
"1150326","020029","元大ESG高股息N","7000","71520","10.26","10.26","10.20","10.20","-0.0400","3"
"1150326","020030","統一智慧電動車N","1000","11820","11.82","11.82","11.82","11.82","0.2600","1"
"1150326","020031","統一IC設計臺灣N","","","","","","","0.0000",""
"1150326","020032","元大綠能N","","","","","","","0.0000",""
"1150326","020034","元大IC設計N","4000","35990","8.99","9.02","8.99","9.02","-0.0600","2"
"1150326","020036","元大金融配息N","","","","","","","0.0000",""
"1150326","020037","元大金融高股息N","3000","25290","8.43","8.44","8.42","8.42","-0.0200","3"
"1150326","020038","元大ESG配息N","8000","63090","7.92","7.92","7.86","7.86","-0.0400","7"
"1150326","020039","元大加權N","24000","254560","10.62","10.62","10.60","10.60","-0.0200","14"
"1150326","1101","台泥","24573321","567623366","23.00","23.45","22.85","22.85","-0.1500","12067"
"1150326","1101B","台泥乙特","45000","2045250","45.45","45.45","45.45","45.45","0.0000","11"
"1150326","1102","亞泥","7008079","242308250","34.50","34.70","34.45","34.50","0.0000","3158"
"1150326","1103","嘉泥","147563","2025935","13.80","13.80","13.65","13.70","-0.0500","314"
"1150326","1104","環泥","193451","5737349","29.80","29.80","29.55","29.55","-0.0500","525"
"1150326","1108","幸福","206638","3084469","15.00","15.00","14.90","14.90","-0.1000","114"
"1150326","1109","信大","71752","1099286","15.35","15.35","15.25","15.25","0.0000","80"
"1150326","1110","東泥","155735","2395421","15.20","15.60","15.10","15.35","0.2000","84"
"1150326","1201","味全","345487","4656430","13.60","13.60","13.35","13.50","0.0500","358"
"1150326","1203","味王","32113","1270199","39.95","39.95","39.45","39.55","0.3500","73"
"1150326","1210","大成","1552106","83912121","54.20","54.30","53.70","54.00","0.2000","2562"
"1150326","1213","大飲","7000","68860","9.70","9.98","9.70","9.98","0.2700","7"
"1150326","1215","卜蜂","903381","131096936","145.50","146.00","144.00","144.00","-2.0000","2295"
"1150326","1216","統一","6168440","439363877","71.00","71.70","70.50","71.30","0.6000","3732"
"1150326","1217","愛之味","916318","9400015","10.15","10.35","10.15","10.25","0.1000","677"
"1150326","1218","泰山","617153","11878031","19.30","19.35","19.15","19.20","0.0000","1027"
"1150326","1219","福壽","735420","10117558","13.85","13.90","13.55","13.80","0.0500","379"
"1150326","1220","台榮","222063","2750644","12.50","12.50","12.30","12.40","-0.0500","534"
"1150326","1225","福懋油","484459","15762325","32.00","32.75","32.00","32.75","1.2500","494"
"1150326","1227","佳格","794833","24099932","30.25","30.45","30.10","30.30","0.1000","632"
"1150326","1229","聯華","2377539","107296247","44.90","45.35","44.80","45.20","0.4500","1807"
"1150326","1231","聯華食","373205","34575934","92.30","93.00","91.90","92.80","1.2000","912"
"1150326","1232","大統益","60672","9138933","151.00","151.00","150.00","150.00","-0.5000","115"
"1150326","1233","天仁","33679","988655","29.90","29.90","28.95","29.35","-0.9500","90"
"1150326","1234","黑松","97039","3493568","36.35","36.35","35.90","36.00","0.1500","96"
"1150326","1235","興泰","7646","313080","42.00","42.00","40.35","40.35","-0.4500","15"
"1150326","1236","宏亞","13271","351188","27.10","27.10","26.35","26.35","-0.1500","27"
"1150326","1256","鮮活果汁-KY","12917","1964498","153.00","153.50","150.00","150.00","-2.0000","45"
"1150326","1301","台塑","39961779","1910380867","46.00","48.75","46.00","47.45","1.8000","20655"
"1150326","1303","南亞","79562335","6247046611","79.50","81.60","74.80","74.80","-1.2000","49129"
"1150326","1304","台聚","25013325","390133629","14.75","15.85","14.70","15.85","1.4000","8151"
"1150326","1305","華夏","28698606","497657059","16.45","17.65","16.35","17.20","1.1500","12765"
"1150326","1307","三芳","1221151","42174330","34.20","35.00","34.15","34.15","0.2000","803"
"1150326","1308","亞聚","21974233","391827606","16.80","18.05","16.70","18.05","1.6000","10280"
"1150326","1309","台達化","11922223","237701312","19.20","20.15","19.05","20.15","1.8000","4326"
"1150326","1310","台苯","11677441","129607333","10.60","11.30","10.60","11.05","0.4500","4086"
"1150326","1312","國喬","15584071","217539968","13.35","14.25","13.35","13.80","0.6000","6104"
"1150326","1312A","國喬特","16000","367900","23.00","23.00","22.90","22.90","0.2000","5"
"1150326","1313","聯成","13705572","178119015","12.45","13.30","12.40","12.90","0.6500","5042"
"1150326","1314","中石化","43358115","363383964","8.25","8.52","8.24","8.30","0.1100","10548"
"1150326","1315","達新","28082","1777694","63.80","63.90","63.00","63.30","-0.5000","54"
"1150326","1316","上曜","922768","11487201","12.65","12.65","12.30","12.35","-0.2000","598"
"1150326","1319","東陽","1488305","125481976","85.30","85.30","83.70","84.00","-1.1000","3431"
"1150326","1321","大洋","668113","23019136","34.05","34.75","33.90","34.35","0.4500","266"
"1150326","1323","永裕","48362","931163","19.10","19.40","19.10","19.25","0.1500","400"
"1150326","1324","地球","201493","2140200","10.55","10.80","10.50","10.70","0.3000","143"
"1150326","1325","恆大","143270","3907675","27.40","27.45","27.10","27.10","0.0000","211"
"1150326","1326","台化","46896639","2118917821","43.15","46.35","43.15","45.10","2.2500","26780"
"1150326","1337","再生-KY","1480076","9336145","6.09","6.46","6.09","6.30","0.1400","835"
"1150326","1338","廣華-KY","147241","2115179","14.35","14.50","14.20","14.45","0.0500","208"
"1150326","1339","昭輝","41292","1693743","41.10","41.10","40.90","40.95","-0.2500","289"
"1150326","1340","勝悅-KY","210301","1427562","6.89","6.90","6.72","6.82","-0.0700","518"
"1150326","1341","富林-KY","3004","174434","58.10","58.10","58.00","58.10","-0.3000","6"
"1150326","1342","八貫","166092","14177032","86.40","86.40","84.60","85.00","-0.6000","195"
"1150326","1402","遠東新","14494979","378265635","26.00","26.40","25.80","26.40","0.4500","6260"
"1150326","1409","新纖","4508928","72041211","15.80","16.15","15.75","15.80","0.1000","1889"
"1150326","1410","南染","35348","1116193","31.45","31.80","31.40","31.65","0.3500","36"
"1150326","1413","宏洲","3271","32286","9.96","9.96","9.84","9.84","0.1600","8"
"1150326","1414","東和","251033","4427753","17.90","17.90","17.50","17.80","0.2000","371"
"1150326","1416","廣豐","184482","2131548","11.65","11.65","11.50","11.50","-0.1000","137"
"1150326","1417","嘉裕","189380","1738064","9.17","9.21","9.15","9.18","0.0100","160"
"1150326","1418","東華","2563","49334","18.90","19.00","18.90","19.00","-0.0500","223"
"1150326","1419","新紡","73880","4562027","63.00","63.00","61.20","61.20","-1.2000","222"
"1150326","1423","利華","32693","1315586","40.10","40.50","40.05","40.20","0.0000","38"
"1150326","1432","大魯閣","571309","10272980","18.15","18.15","17.90","17.95","-0.4000","1352"
"1150326","1434","福懋","2186910","36502421","16.45","16.80","16.40","16.70","0.4000","1070"
"1150326","1435","中福","1638","31116","19.20","19.20","19.20","19.20","0.4500","34"
"1150326","1436","華友聯","196455","10588810","54.20","54.70","53.50","54.10","0.0000","207"
"1150326","1437","勤益控","31402","965656","30.85","30.90","30.55","30.85","0.1000","44"
"1150326","1438","三地開發","6161","181396","29.85","29.85","29.25","29.40","-0.3000","8"
"1150326","1439","雋揚","6031","169275","28.35","28.35","27.90","27.95","-0.1500","9"
"1150326","1440","南紡","1390798","18063775","12.95","13.10","12.85","12.90","0.1000","471"
"1150326","1441","大東","6707","66620","9.90","9.90","9.90","9.90","-0.0400","69"
"1150326","1442","名軒","329106","8987086","27.40","27.75","26.95","27.10","0.0500","271"
"1150326","1443","立益物流","7546","186235","25.75","25.75","24.30","24.30","-0.2500","44"
"1150326","1444","力麗","703172","4394034","6.21","6.28","6.21","6.24","0.0800","307"
"1150326","1445","大宇","62305","799358","12.90","13.10","12.70","12.85","0.2500","35"
"1150326","1446","宏和","145800","2470264","17.10","17.10","16.90","16.95","-0.1500","98"
"1150326","1447","力鵬","830617","4250259","5.10","5.14","5.09","5.11","0.0400","451"
"1150326","1449","佳和","1363283","16054755","11.65","12.00","11.50","11.80","0.1000","704"
"1150326","1451","年興","152316","2755094","18.05","18.15","18.00","18.05","0.1500","73"
"1150326","1452","宏益","33624","376412","11.20","11.20","11.15","11.15","0.1000","137"
"1150326","1453","大將","28427","351572","12.40","12.40","12.30","12.30","-0.1000","65"
"1150326","1454","台富","25210","325975","13.25","13.25","12.80","12.85","-0.1000","82"
"1150326","1455","集盛","454798","4061581","9.03","9.03","8.85","8.88","-0.0200","242"
"1150326","1456","怡華","85134","1244686","14.70","14.85","14.50","14.75","-0.1000","58"
"1150326","1457","宜進","427502","6971528","16.35","16.40","16.20","16.30","0.0000","299"
"1150326","1459","聯發","73279","860353","11.75","11.75","11.65","11.65","0.0000","39"
"1150326","1460","宏遠","641059","4586516","7.27","7.30","7.05","7.05","-0.2000","324"
"1150326","1463","強盛新","67781","1209439","17.85","17.95","17.60","17.95","0.1000","126"
"1150326","1464","得力","236601","2479511","10.50","10.55","10.45","10.45","0.0500","791"
"1150326","1465","偉全","82694","998045","12.00","12.15","11.95","12.15","0.1500","104"
"1150326","1466","聚隆","131637","2238270","17.50","17.65","16.75","17.10","0.0000","108"
"1150326","1467","南緯","98467","698292","7.11","7.13","7.07","7.07","-0.0200","81"
"1150326","1468","昶和","56001","656812","11.85","11.85","11.60","11.80","-0.1000","40"
"1150326","1470","大統新創","","","","","","","0.0000",""
"1150326","1471","首利","1681752","21948191","13.50","13.50","12.80","12.80","-0.5500","917"
"1150326","1472","三洋實業","10224","979131","95.50","96.00","95.50","95.80","-1.2000","22"
"1150326","1473","台南","124355","2944122","23.85","23.90","23.50","23.85","0.1500","104"
"1150326","1474","弘裕","49608","497244","10.00","10.05","10.00","10.00","-0.0500","41"
"1150326","1475","業旺","5003","142887","28.65","28.65","28.45","28.45","0.0500","8"
"1150326","1476","儒鴻","978753","336733703","348.00","348.50","341.50","344.00","-2.0000","1754"
"1150326","1477","聚陽","4680689","1157348564","262.00","262.50","241.50","246.00","0.0000","6140"
"1150326","1503","士電","1549854","302682826","200.00","200.00","193.00","193.50","-4.0000","2574"
"1150326","1504","東元","5281170","349201553","67.20","67.40","65.20","65.30","-1.0000","7521"
"1150326","1506","正道","50217","570627","11.45","11.45","11.30","11.35","0.0000","41"
"1150326","1512","瑞利","111779","842340","7.71","7.83","7.31","7.46","-0.2500","86"
"1150326","1513","中興電","4522290","702411586","155.50","158.00","153.50","153.50","-5.0000","5736"
"1150326","1514","亞力","1822892","205144910","115.50","115.50","110.50","110.50","-4.0000","2645"
"1150326","1515","力山","122290","2964425","24.20","24.40","24.10","24.30","0.0500","112"
"1150326","1516","川飛","59973","1292079","21.80","21.80","21.45","21.50","-0.5000","219"
"1150326","1517","利奇","133501","1526733","11.65","11.65","11.35","11.35","0.0500","134"
"1150326","1519","華城","2696432","2449020387","932.00","935.00","893.00","894.00","-32.0000","10938"
"1150326","1521","大億","11435","285676","25.00","25.05","24.85","25.00","0.0500","36"
"1150326","1522","堤維西","596147","19627253","33.20","33.20","32.70","32.70","-0.3000","743"
"1150326","1522A","堤維西甲特","4000","200800","50.20","50.20","50.20","50.20","0.0000","3"
"1150326","1524","耿鼎","4158928","127444184","30.50","31.25","30.05","30.80","1.0500","2610"
"1150326","1525","江申","18006","1096574","61.00","61.40","60.20","61.40","0.7000","21"
"1150326","1526","日馳","85688","1475441","17.15","17.55","17.05","17.15","0.0500","215"
"1150326","1527","鑽全","161241","5200115","32.15","32.40","32.15","32.35","0.1500","345"
"1150326","1528","恩德","15253874","352111660","22.60","23.90","22.00","23.15","0.1500","7767"
"1150326","1529","樂事綠能","992058","25093463","25.65","25.95","25.00","25.00","-0.6000","720"
"1150326","1530","亞崴","22101","583631","26.15","26.65","26.15","26.55","0.0500","53"
"1150326","1531","高林股","102407","1301935","12.70","12.80","12.65","12.70","0.0500","54"
"1150326","1532","勤美","610386","13523433","22.35","22.35","22.00","22.00","-0.2000","302"
"1150326","1533","車王電","88761","2660006","30.35","30.55","29.60","29.80","-0.4500","96"
"1150326","1535","中宇","56450","3015253","54.00","54.00","53.20","53.30","0.0000","56"
"1150326","1536","和大","990869","50835924","51.60","52.00","50.80","51.10","-0.4000","3258"
"1150326","1537","廣隆","26616","3307137","125.00","125.00","124.00","124.00","-0.5000","53"
"1150326","1538","正峰","67989","894447","14.00","14.00","12.80","13.20","-1.0000","73"
"1150326","1539","巨庭","104215","1736171","16.50","16.90","16.50","16.70","0.1000","60"
"1150326","1540","喬福","184191","4108385","22.40","22.45","22.10","22.20","-0.0500","233"
"1150326","1541","錩泰","14056","353519","25.30","25.30","24.95","25.00","-0.4500","16"
"1150326","1558","伸興","10537","983504","93.60","93.60","93.20","93.40","-0.4000","86"
"1150326","1560","中砂","1363871","629558500","464.00","467.50","456.00","461.00","1.5000","2333"
"1150326","1563","巧新","343126","13937907","40.35","41.40","40.20","40.20","-0.1500","373"
"1150326","1568","倉佑","105251","2374514","22.50","22.75","22.45","22.55","0.0500","59"
"1150326","1582","信錦","8600863","789715948","85.60","93.00","85.20","93.00","8.4000","6845"
"1150326","1583","程泰","18967","853486","44.95","45.40","44.95","45.00","0.7000","33"
"1150326","1587","吉茂","237508","8335629","35.45","35.60","34.70","34.70","-0.7000","317"
"1150326","1589","永冠-KY","496906","3822303","7.67","7.72","7.66","7.66","0.0200","259"
"1150326","1590","亞德客-KY","1018143","1043183883","1070.00","1070.00","1005.00","1005.00","-5.0000","1233"
"1150326","1597","直得","1612023","141160825","90.00","90.00","85.00","85.00","-3.6000","3412"
"1150326","1598","岱宇","171692","3287047","19.60","19.60","19.00","19.00","-0.2500","171"
"1150326","1603","華電","219368","7308444","33.40","33.60","33.10","33.25","0.0500","187"
"1150326","1604","聲寶","339317","8588276","25.25","25.40","25.20","25.30","0.1000","437"
"1150326","1605","華新","16694670","529982003","32.20","32.40","31.20","31.20","-0.7000","9905"
"1150326","1608","華榮","1379556","44559076","32.55","32.80","31.90","32.00","-0.3000","1028"
"1150326","1609","大亞","2337337","77215844","33.60","33.70","32.70","32.75","-0.5000","2367"
"1150326","1611","中電","1752850","21847405","12.70","12.70","12.30","12.30","0.0000","1307"
"1150326","1612","宏泰","451553","16081556","36.00","36.00","35.45","35.50","0.0000","331"
"1150326","1614","三洋電","7055","229731","32.75","32.75","32.40","32.60","0.2000","10"
"1150326","1615","大山","73154","3391562","46.50","46.90","46.00","46.05","0.0500","124"
"1150326","1616","億泰","555203","13312373","24.50","24.50","23.80","23.80","-0.5000","413"
"1150326","1617","榮星","72049","1057357","14.70","14.80","14.55","14.60","-0.0500","80"
"1150326","1618","合機","550735","22100385","40.90","40.90","39.90","39.90","-0.6000","412"
"1150326","1623","大東電","88705","17170310","195.00","196.00","191.50","191.50","-2.5000","190"
"1150326","1626","艾美特-KY","43469","443488","10.35","10.35","10.10","10.10","-0.1500","79"
"1150326","1702","南僑","190401","6832981","35.75","36.05","35.60","35.95","0.2000","586"
"1150326","1707","葡萄王","74011","8891584","121.00","121.00","119.50","120.00","0.0000","1233"
"1150326","1708","東鹼","8368209","357640501","41.50","43.45","41.30","42.70","1.4000","5030"
"1150326","1709","和益","526954","9549218","18.00","18.25","18.00","18.05","0.1500","393"
"1150326","1710","東聯","12072393","178094697","14.65","15.05","14.40","14.50","0.2000","4226"
"1150326","1711","永光","8078305","320076802","41.60","41.60","38.55","38.55","-2.0500","6122"
"1150326","1712","興農","624083","27760910","44.60","44.80","44.15","44.35","0.0500","1077"
"1150326","1713","國化","345816","16642193","48.05","48.40","47.90","47.90","-0.1500","188"
"1150326","1714","和桐","2971745","28865884","9.67","9.86","9.59","9.59","-0.0500","1511"
"1150326","1717","長興","18412162","1152939852","63.00","64.20","61.50","61.60","-0.9000","11033"
"1150326","1718","中纖","6983748","52885062","7.52","7.66","7.42","7.51","0.1300","2274"
"1150326","1720","生達","118995","7477130","63.40","63.40","62.60","62.60","-0.4000","193"
"1150326","1721","三晃","1580083","29079314","18.60","18.70","18.00","18.65","0.1500","1118"
"1150326","1722","台肥","2300927","104720576","45.45","45.75","45.25","45.40","0.2000","1800"
"1150326","1723","中碳","456365","33555634","73.00","74.40","72.80","73.40","0.9000","1731"
"1150326","1725","元禎","141323","4385761","31.85","31.85","30.60","30.60","-0.7000","151"
"1150326","1726","永記","19117","1446170","76.00","76.00","75.60","75.60","-0.1000","27"
"1150326","1727","中華化","6593652","328817438","51.40","51.90","48.55","48.55","-2.9500","4324"
"1150326","1730","花仙子","23660","1250259","52.90","53.00","52.70","52.70","-0.1000","27"
"1150326","1731","美吾華","61804","1349478","21.95","21.95","21.80","21.85","0.0500","31"
"1150326","1732","毛寶","66706","1752604","26.25","26.40","26.20","26.20","-0.0500","443"
"1150326","1733","五鼎","144235","4332137","30.00","30.20","29.80","30.00","0.0000","151"
"1150326","1734","杏輝","293358","9081988","31.30","31.30","30.80","30.85","-0.4500","719"
"1150326","1735","日勝化","484445","13089447","26.80","27.50","26.80","26.80","0.4000","430"
"1150326","1736","喬山","248773","31396973","124.50","128.00","124.50","126.50","0.0000","270"
"1150326","1737","臺鹽","73875","2344787","31.90","31.90","31.55","31.55","-0.1500","160"
"1150326","1752","南光","50688","1832422","36.10","36.30","36.10","36.15","0.0000","40"
"1150326","1760","寶齡富錦","105017","6644190","63.70","63.70","63.00","63.20","-0.5000","413"
"1150326","1762","中化生","126138","3730061","29.45","29.75","29.40","29.40","-0.1000","489"
"1150326","1773","勝一","711545","102608071","147.50","148.00","141.50","141.50","-4.0000","1230"
"1150326","1776","展宇","49386","779464","15.80","15.95","15.75","15.75","0.0000","29"
"1150326","1783","和康生","74528","3253988","43.70","43.95","43.50","43.60","0.0500","105"
"1150326","1786","科妍","149711","9809860","65.30","66.00","65.00","65.00","-0.3000","272"
"1150326","1789","神隆","754659","15742054","21.30","21.30","20.70","20.80","-0.2000","457"
"1150326","1795","美時","2332215","492849502","211.00","216.50","208.50","208.50","-3.5000","4012"
"1150326","1802","台玻","84251129","4668404732","55.20","57.60","52.80","53.30","-0.9000","46566"
"1150326","1805","寶徠","222397","2408942","11.00","11.00","10.70","10.85","-0.1500","131"
"1150326","1806","冠軍","164773","1418105","8.60","8.63","8.58","8.61","0.0400","135"
"1150326","1808","潤隆","840641","26467535","31.45","31.95","31.05","31.10","-0.2000","699"
"1150326","1809","中釉","3805121","107256922","28.10","28.95","27.35","27.45","-0.4500","2767"
"1150326","1810","和成","442093","7878879","17.80","18.00","17.65","17.65","-0.1500","300"
"1150326","1817","凱撒衛","66336","2566127","38.60","38.85","38.55","38.70","-0.0500","40"
"1150326","1903","士紙","331447","16730298","49.70","50.80","49.70","50.20","0.5000","190"
"1150326","1904","正隆","12020924","239154857","19.00","20.40","19.00","20.15","1.3500","7131"
"1150326","1905","華紙","17861888","243520028","13.00","14.00","12.90","14.00","1.2500","5956"
"1150326","1906","寶隆","270602","3089773","11.00","11.70","11.00","11.30","0.2500","201"
"1150326","1907","永豐餘","3171678","82011622","25.25","26.15","25.25","25.95","1.0500","1909"
"1150326","1909","榮成","11640890","116031612","9.62","10.20","9.60","9.94","0.4000","3863"
"1150326","2002","中鋼","72875137","1437932332","19.45","19.95","19.35","19.75","0.4500","23172"
"1150326","2002A","中鋼特","6095","236632","38.80","38.90","38.75","38.90","0.0500","9"
"1150326","2006","東和鋼鐵","2394869","171928247","72.30","72.60","71.50","71.80","-0.5000","2262"
"1150326","2007","燁興","337883","2861785","8.50","8.55","8.40","8.40","-0.1000","225"
"1150326","2008","高興昌","19650","540912","27.80","27.80","27.50","27.65","-0.1500","34"
"1150326","2009","第一銅","1080831","44066977","41.15","41.35","40.35","40.35","-0.6000","923"
"1150326","2010","春源","1366408","35153345","26.20","26.30","25.55","25.55","-0.2500","963"
"1150326","2012","春雨","58631","938361","16.20","16.25","15.90","15.90","0.0500","257"
"1150326","2013","中鋼構","150565","6796621","45.65","45.65","44.85","45.05","-0.1000","319"
"1150326","2014","中鴻","8652458","163325300","18.55","19.15","18.55","18.80","0.0500","3698"
"1150326","2015","豐興","1346764","84950206","64.40","64.50","62.40","62.90","0.0000","1059"
"1150326","2017","官田鋼","1260699","12778489","10.30","10.30","9.99","10.05","-0.1500","478"
"1150326","2020","美亞","721460","17661562","24.65","24.65","24.35","24.35","-0.1000","336"
"1150326","2022","聚亨","739230","6858934","9.32","9.36","9.21","9.29","-0.0100","582"
"1150326","2023","燁輝","1423017","20611478","14.50","14.60","14.40","14.50","0.0000","613"
"1150326","2024","志聯","19061","284146","15.00","15.00","14.80","14.95","0.1500","70"
"1150326","2025","千興","193567","2262942","11.65","11.80","11.45","11.60","0.0500","276"
"1150326","2027","大成鋼","9654521","355816124","37.05","37.30","36.60","36.60","-0.3500","4946"
"1150326","2028","威致","89215","1663713","18.65","18.85","18.50","18.55","-0.0500","82"
"1150326","2029","盛餘","152443","3135251","20.65","20.65","20.50","20.60","0.1000","73"
"1150326","2030","彰源","677178","11102457","16.40","16.55","16.25","16.25","-0.1000","643"
"1150326","2031","新光鋼","709967","28759401","40.30","40.85","40.20","40.40","0.4000","648"
"1150326","2032","新鋼","887107","14802286","16.40","17.05","16.40","16.50","-0.1000","422"
"1150326","2033","佳大","85000","1329448","15.60","15.80","15.55","15.55","0.0500","42"
"1150326","2034","允強","939766","19423625","20.60","20.80","20.50","20.50","0.1000","554"
"1150326","2038","海光","899130","14145553","15.45","16.00","15.45","15.65","0.0500","530"
"1150326","2049","上銀","3864811","920907648","244.00","244.00","232.50","236.50","2.0000","4163"
"1150326","2059","川湖","765605","2824108440","3620.00","3790.00","3595.00","3615.00","0.0000","4692"
"1150326","2062","橋椿","100602","2042370","20.35","20.40","20.20","20.25","0.0000","78"
"1150326","2069","運錩","171041","3242833","19.00","19.10","18.80","18.90","0.0500","100"
"1150326","2072","世紀風電","4659483","898844212","200.00","200.00","185.00","187.50","0.0000","3956"
"1150326","2101","南港","862811","29740505","34.65","34.80","34.20","34.30","0.0000","803"
"1150326","2102","泰豐","303239","5879078","19.30","19.55","19.25","19.40","0.1500","219"
"1150326","2103","台橡","5087704","101340725","19.60","20.30","19.50","19.80","0.6000","4661"
"1150326","2104","國際中橡","2995957","36824551","12.15","12.45","12.15","12.25","0.2000","1349"
"1150326","2105","正新","8776909","265602797","29.95","30.45","29.80","30.30","0.5500","3674"
"1150326","2106","建大","786239","14042319","17.90","18.00","17.75","17.80","0.1000","492"
"1150326","2107","厚生","407405","10305499","25.30","25.40","25.20","25.25","0.0000","268"
"1150326","2108","南帝","2312992","59252581","24.50","26.35","24.50","26.05","0.0000","1398"
"1150326","2109","華豐","142297","2106362","14.80","14.85","14.75","14.75","0.0000","196"
"1150326","2114","鑫永銓","31300","2772878","88.70","88.80","88.40","88.60","0.1000","74"
"1150326","2115","六暉-KY","59392","1269779","21.35","21.50","21.30","21.35","-0.1500","37"
"1150326","2201","裕隆","4066101","116342851","28.00","29.05","27.95","28.55","0.8000","2327"
"1150326","2204","中華","2004519","112041113","55.20","56.50","55.00","55.80","1.0000","1296"
"1150326","2206","三陽工業","777653","45167268","58.00","58.40","57.70","58.30","0.2000","582"
"1150326","2207","和泰車","426038","214428495","508.00","508.00","496.00","507.00","8.0000","811"
"1150326","2208","台船","5690908","125713680","22.35","22.50","21.70","21.75","-0.3500","2806"
"1150326","2211","長榮鋼","296082","30077270","102.00","102.00","101.00","101.50","-0.5000","317"
"1150326","2227","裕日車","17667","892151","50.60","50.70","50.20","50.60","0.0000","27"
"1150326","2228","劍麟","119439","10711637","89.50","90.20","89.10","89.10","0.2000","172"
"1150326","2231","為升","3725284","419967087","107.00","114.00","103.00","114.00","10.0000","2244"
"1150326","2233","宇隆","682222","159787608","236.00","237.50","232.00","232.00","-0.5000","1612"
"1150326","2236","百達-KY","230916","25955205","111.50","113.50","110.00","113.00","2.0000","201"
"1150326","2239","英利-KY","58225","1320174","22.70","22.95","22.40","22.65","0.1500","84"
"1150326","2241","艾姆勒","257436","7773085","30.45","30.80","29.85","29.85","-0.5500","669"
"1150326","2243","宏旭-KY","835759","17155126","20.65","20.80","20.30","20.65","-0.1000","520"
"1150326","2247","汎德永業","51909","12350442","237.50","239.00","237.50","237.50","-2.0000","378"
"1150326","2248","華勝-KY","24375","1188634","49.45","49.95","48.30","49.95","0.6500","27"
"1150326","2250","IKKA-KY","35073","2231029","63.90","63.90","63.00","63.00","-1.3000","101"
"1150326","2254","巨鎧精密-創","76016","5494457","71.10","74.20","71.10","72.10","1.6000","58"
"1150326","2258","鴻華先進-創","826735","25193967","30.65","31.25","30.00","30.00","-0.5000","631"
"1150326","2301","光寶科","15055347","2348985816","158.50","159.50","153.50","154.00","-3.5000","12626"
"1150326","2302","麗正","866835","16393904","18.70","19.40","18.65","18.65","-0.0500","424"
"1150326","2303","聯電","35177996","2059948152","59.40","59.50","58.10","58.20","-0.9000","20850"
"1150326","2305","全友","5623874","88141360","14.65","16.15","14.65","16.15","1.4500","2098"
"1150326","2308","台達電","13856198","21264527021","1535.00","1565.00","1515.00","1515.00","-35.0000","36075"
"1150326","2312","金寶","12173100","283236705","23.50","23.75","22.75","22.80","-0.2500","5780"
"1150326","2313","華通","171324863","42245132861","235.00","253.00","232.50","245.50","15.5000","118229"
"1150326","2314","台揚","430831","7514530","17.90","17.90","17.35","17.35","-0.1000","361"
"1150326","2316","楠梓電","4706248","490679898","104.00","107.00","102.00","102.50","-0.5000","4115"
"1150326","2317","鴻海","41973121","8527296581","202.50","206.00","200.50","200.50","0.5000","43536"
"1150326","2321","東訊","172","2545","","","","","0.0000","1"
"1150326","2323","中環","14743970","176772191","12.10","12.25","11.75","11.80","-0.0500","4226"
"1150326","2324","仁寶","22893903","725977681","31.60","32.00","31.50","31.50","0.0000","7448"
"1150326","2327","國巨*","13615883","3590395370","259.00","268.00","259.00","262.00","2.0000","15282"
"1150326","2328","廣宇","2286375","105186489","46.00","46.60","45.30","45.35","-0.2000","2757"
"1150326","2329","華泰","9994853","547464224","55.90","56.60","53.10","53.10","-2.0000","7047"
"1150326","2330","台積電","24634887","45564939400","1850.00","1865.00","1840.00","1840.00","-5.0000","81572"
"1150326","2331","精英","2071427","46393887","22.70","22.90","22.00","22.00","-0.4500","1557"
"1150326","2332","友訊","5444025","85508806","15.60","16.00","15.30","15.30","0.0000","2337"
"1150326","2337","旺宏","37170691","4826507588","137.00","137.00","128.00","128.00","-14.0000","25475"
"1150326","2338","光罩","5057409","241118114","49.45","49.60","46.15","46.30","-2.5000","4370"
"1150326","2340","台亞","3292417","93499011","28.80","29.25","27.80","27.80","-0.5000","1976"
"1150326","2342","茂矽","1339985","41934176","31.20","32.15","30.80","30.85","-0.3000","1039"
"1150326","2344","華邦電","190169312","19056552248","100.00","104.50","96.00","96.00","-2.2000","124456"
"1150326","2345","智邦","7062091","12018485940","1690.00","1750.00","1660.00","1675.00","-10.0000","10191"
"1150326","2347","聯強","9991033","805869470","79.90","81.10","79.50","81.10","1.2000","6630"
"1150326","2348","海悅","242262","19309960","80.50","80.50","79.10","79.10","-0.7000","312"
"1150326","2348A","海悅甲特","135000","5122150","38.05","38.05","37.90","38.00","0.1000","15"
"1150326","2349","錸德","8539399","121693343","14.50","14.70","13.80","14.00","0.1000","3134"
"1150326","2351","順德","4353784","436516270","101.50","103.50","99.00","99.20","-1.3000","3531"
"1150326","2352","佳世達","3753601","90007398","23.95","24.10","23.80","24.05","0.2500","7006"
"1150326","2353","宏碁","17240359","472201295","27.20","27.55","27.20","27.35","0.2500","7996"
"1150326","2354","鴻準","2258784","119346658","52.40","53.40","52.40","52.70","0.3000","2317"
"1150326","2355","敬鵬","30011444","1456615492","45.85","49.40","45.35","49.40","4.4500","14742"
"1150326","2356","英業達","10338657","447665045","43.20","43.60","42.95","42.95","0.0500","6301"
"1150326","2357","華碩","3248027","1856157803","566.00","577.00","563.00","574.00","9.0000","4998"
"1150326","2359","所羅門","652161","74177772","115.50","115.50","112.50","114.00","-1.5000","1039"
"1150326","2360","致茂","5841103","9781419695","1630.00","1735.00","1610.00","1640.00","15.0000","7699"
"1150326","2362","藍天","440075","17090809","38.70","39.10","38.40","38.70","0.3500","476"
"1150326","2363","矽統","2725452","136498622","50.50","51.50","48.65","48.65","-1.3500","3348"
"1150326","2364","倫飛","83420","5138587","61.00","62.80","61.00","61.00","-0.8000","446"
"1150326","2365","昆盈","1667215","54863541","33.40","33.50","32.60","32.60","-0.7500","1544"
"1150326","2367","燿華","260062719","20499191495","78.00","82.50","75.00","75.30","0.2000","155316"
"1150326","2368","金像電","7064041","6614455616","935.00","953.00","918.00","918.00","-4.0000","11527"
"1150326","2369","菱生","28315480","919235953","33.45","34.25","30.90","31.05","-1.8000","16440"
"1150326","2371","大同","7368814","228107534","31.10","31.55","30.70","30.70","-0.3500","4636"
"1150326","2373","震旦行","76107","4270322","56.80","56.80","55.60","55.80","-0.7000","284"
"1150326","2374","佳能","3506091","252962924","72.60","73.40","71.10","72.50","0.4000","3810"
"1150326","2375","凱美","961040","74893794","78.80","79.80","75.80","75.80","-2.1000","1018"
"1150326","2376","技嘉","4775188","1120615856","236.00","237.00","232.50","233.50","-0.5000","3762"
"1150326","2377","微星","2894074","263846714","90.90","91.70","90.60","90.70","0.0000","2680"
"1150326","2379","瑞昱","2012020","987170091","488.50","495.00","485.00","489.00","0.0000","5134"
"1150326","2380","虹光","238537","1442035","5.94","6.09","5.94","6.02","-0.2100","463"
"1150326","2382","廣達","11451879","3295576248","287.00","291.00","284.00","287.00","2.0000","10601"
"1150326","2383","台光電","4555967","13540701748","2920.00","3035.00","2895.00","2945.00","100.0000","11593"
"1150326","2385","群光","3263224","399079666","123.50","123.50","121.50","122.00","-1.0000","2236"
"1150326","2387","精元","3402795","151898046","44.90","44.90","44.50","44.60","0.1500","2318"
"1150326","2388","威盛","4241425","223271633","52.70","53.50","51.60","52.40","0.5000","2476"
"1150326","2390","云辰","556733","5855657","10.50","10.65","10.40","10.50","0.0500","417"
"1150326","2392","正崴","842294","30740375","36.40","36.80","36.20","36.25","0.0000","789"
"1150326","2393","億光","4402492","307009153","69.70","70.70","68.80","69.60","0.2000","3517"
"1150326","2395","研華","3120575","1064230666","336.00","346.50","335.50","339.00","5.5000","3820"
"1150326","2397","友通","151449","8398277","56.00","56.00","55.00","55.50","-0.3000","104"
"1150326","2399","映泰","4249892","130722981","31.55","32.05","29.25","29.25","-2.3000","3205"
"1150326","2401","凌陽","2054453","42527468","20.95","21.20","20.35","20.45","-0.3000","1612"
"1150326","2402","毅嘉","5674132","294089514","51.60","52.40","51.10","51.30","0.0000","3148"
"1150326","2404","漢唐","4674223","4293459542","949.00","953.00","905.00","905.00","-38.0000","20029"
"1150326","2405","輔信","4571157","74306782","16.55","16.65","15.80","15.85","-0.7000","3000"
"1150326","2406","國碩","53761624","2012375224","36.95","38.75","36.00","36.60","0.0000","27770"
"1150326","2408","南亞科","185144097","44151062439","249.00","249.00","225.00","225.50","-1.0000","125715"
"1150326","2409","友達","58205039","874933604","15.10","15.30","14.75","14.80","-0.2000","15237"
"1150326","2412","中華電","5075813","683522818","135.50","135.50","134.00","134.50","-0.5000","3280"
"1150326","2413","環科","17864278","1040557307","55.50","59.70","54.80","55.70","1.4000","9306"
"1150326","2414","精技","102752","4454002","43.60","43.60","43.20","43.35","-0.0500","99"
"1150326","2415","錩新","280018","8336137","29.60","30.25","29.30","29.75","-0.1000","243"
"1150326","2417","圓剛","238435","8322190","35.15","35.25","34.60","34.65","-0.5000","686"
"1150326","2419","仲琦","20348205","670194703","30.50","33.25","30.50","33.25","3.0000","9264"
"1150326","2420","新巨","181607","9484057","52.70","52.70","51.80","52.00","-0.6000","185"
"1150326","2421","建準","6777423","952233798","141.00","145.00","136.00","136.00","-3.5000","7384"
"1150326","2423","固緯","40045","1955952","49.60","49.60","48.50","48.85","-0.0500","72"
"1150326","2424","隴華","160314","4264128","24.50","26.85","24.50","26.85","2.4000","60"
"1150326","2425","承啟","344787","9947194","29.35","29.40","28.40","28.50","-0.6500","382"
"1150326","2426","鼎元","3199493","118855219","37.25","38.75","33.60","33.60","-2.6000","1828"
"1150326","2427","三商電","308274","7313292","23.85","23.95","23.55","23.55","-0.3000","308"
"1150326","2428","興勤","198720","31533621","159.00","160.50","157.00","157.50","-0.5000","593"
"1150326","2429","銘旺科","308539","13800923","45.95","46.05","43.30","44.85","-0.7000","527"
"1150326","2430","燦坤","41742","912841","22.00","22.00","21.75","21.85","-0.0500","87"
"1150326","2431","聯昌","363221","4477545","12.40","12.55","12.20","12.20","-0.1000","290"
"1150326","2432","倚天酷碁-創","18072","491575","27.10","27.35","27.05","27.35","0.1000","14"
"1150326","2433","互盛電","37145","1696453","45.85","45.85","45.60","45.65","-0.2000","43"
"1150326","2434","統懋","8048","235196","29.50","29.50","29.05","29.05","-0.1500","12"
"1150326","2436","偉詮電","3997965","247356331","64.00","64.40","60.40","60.50","-2.7000","4233"
"1150326","2438","翔耀","139288","3092874","22.15","22.70","22.00","22.40","-0.1000","226"
"1150326","2439","美律","915069","77910265","85.10","85.50","84.70","85.00","-0.1000","1690"
"1150326","2440","太空梭","216109","3112617","14.25","14.55","14.10","14.35","0.0500","110"
"1150326","2441","超豐","10021110","968326001","93.90","98.60","93.70","95.50","2.4000","8360"
"1150326","2442","新美齊","1714993","35329108","20.75","20.85","20.35","20.40","-0.2500","1624"
"1150326","2444","兆勁","508899","6675271","13.50","13.50","12.95","12.95","-0.4000","384"
"1150326","2449","京元電子","15867718","4632150966","291.00","298.50","288.00","288.00","-0.5000","16079"
"1150326","2450","神腦","163815","4794439","29.40","29.40","29.15","29.15","-0.2000","234"
"1150326","2451","創見","3786861","918899831","247.00","250.00","235.00","242.00","-13.0000","5129"
"1150326","2453","凌群","488601","26198590","54.20","54.50","53.00","53.00","-1.3000","725"
"1150326","2454","聯發科","7833984","12615638600","1610.00","1640.00","1590.00","1590.00","-30.0000","43055"
"1150326","2455","全新","60013072","16855082004","274.00","293.00","268.50","272.00","5.5000","56718"
"1150326","2457","飛宏","1734598","46251320","26.80","27.15","26.30","26.35","-0.2500","1682"
"1150326","2458","義隆","9950515","1252786318","127.50","127.50","124.00","126.50","0.0000","7633"
"1150326","2459","敦吉","18888","1243330","66.00","66.00","65.60","65.80","0.1000","35"
"1150326","2460","建通","175463","4336752","25.15","25.15","24.45","24.70","-0.2000","218"
"1150326","2461","光群雷","669623","11694631","17.55","17.65","17.20","17.40","-0.0500","531"
"1150326","2462","良得電","929995","21710112","23.60","23.95","22.80","22.90","0.0000","683"
"1150326","2464","盟立","3197430","233489060","74.90","75.00","71.70","72.30","-2.1000","3814"
"1150326","2465","麗臺","359926","19972919","56.50","56.70","54.20","54.20","-1.4000","933"
"1150326","2466","冠西電","549527","27855763","53.40","53.60","49.35","49.35","-2.9500","434"
"1150326","2467","志聖","9310266","3817763507","405.00","422.00","397.00","414.00","9.5000","11136"
"1150326","2468","華經","411780","15457882","38.30","38.30","37.00","37.00","-1.1500","381"
"1150326","2471","資通","103132","5375046","51.90","52.40","51.90","52.00","-0.4000","131"
"1150326","2472","立隆電","3903236","504312228","128.00","132.00","126.50","126.50","-0.5000","3605"
"1150326","2474","可成","1797547","339822912","187.50","190.50","187.50","189.50","2.0000","1497"
"1150326","2476","鉅祥","1165435","98906220","85.40","85.80","83.70","84.50","-0.1000","834"
"1150326","2477","美隆電","214623","5159355","24.40","24.40","23.90","24.00","-0.2000","127"
"1150326","2478","大毅","1121537","69578754","63.10","63.70","61.20","61.30","-1.3000","1243"
"1150326","2480","敦陽科","100405","14188124","141.50","143.00","140.50","140.50","-1.0000","1799"
"1150326","2481","強茂","25290894","2571354587","100.50","105.00","99.70","99.70","-0.3000","17147"
"1150326","2482","連宇","454741","7864881","17.60","17.60","17.10","17.35","-0.1500","1576"
"1150326","2483","百容","105578","2235758","21.10","21.35","21.05","21.15","-0.0500","74"
"1150326","2484","希華","2693915","77275853","29.35","29.40","28.10","28.10","-1.0000","2259"
"1150326","2485","兆赫","10795962","872932124","81.50","83.20","78.00","78.70","-1.3000","10449"
"1150326","2486","一詮","1514055","227798917","154.50","154.50","147.50","147.50","-7.0000","1270"
"1150326","2488","漢平","88218","4243871","48.25","48.25","47.90","48.10","0.0000","189"
"1150326","2489","瑞軒","72322697","2265808690","32.80","33.10","29.45","31.90","-0.7000","35659"
"1150326","2491","吉祥全","113971","1849100","16.15","16.55","16.05","16.10","0.0000","101"
"1150326","2492","華新科","4130200","532219852","129.00","131.50","126.00","126.50","-2.0000","3694"
"1150326","2493","揚博","411445","44397112","111.50","111.50","106.00","107.00","-2.5000","750"
"1150326","2495","普安","7194967","256453049","36.80","37.20","34.60","34.70","-1.9500","4474"
"1150326","2496","卓越","63583","4416773","69.80","69.80","69.20","69.60","0.4000","80"
"1150326","2497","怡利電","251658","11285749","45.00","45.70","44.20","44.30","-0.4000","243"
"1150326","2498","宏達電","4828261","197486041","41.55","41.75","40.15","40.15","-0.9000","3147"
"1150326","2501","國建","2522387","60236800","24.20","24.20","23.70","23.90","-0.1500","1151"
"1150326","2504","國產","2877800","110059795","39.00","39.00","37.75","37.80","-1.1000","2507"
"1150326","2505","國揚","163331","3147293","19.40","19.40","19.10","19.10","-0.2000","139"
"1150326","2506","太設","63739","572629","9.06","9.06","8.92","9.01","-0.0100","97"
"1150326","2509","全坤建","71400","1018411","14.25","14.35","14.20","14.20","-0.0500","89"
"1150326","2511","太子","393291","3203521","8.16","8.18","8.12","8.12","-0.0100","238"
"1150326","2514","龍邦","106573","1457849","13.75","13.75","13.65","13.65","0.0000","78"
"1150326","2515","中工","6595506","90253222","13.95","13.95","13.50","13.55","-0.2500","2448"
"1150326","2516","新建","198879","2798431","14.55","14.55","14.00","14.05","-0.1500","140"
"1150326","2520","冠德","1462210","46885288","31.90","32.35","31.85","32.05","0.5500","1363"
"1150326","2524","京城","40726","1546969","38.70","38.70","37.55","37.55","-0.7500","159"
"1150326","2527","宏璟","142305","4195563","29.70","29.70","29.30","29.50","0.0500","88"
"1150326","2528","皇普","619590","15761514","25.60","25.70","25.30","25.70","0.0000","432"
"1150326","2530","華建","428200","10795785","25.20","25.55","25.00","25.05","-0.0500","255"
"1150326","2534","宏盛","608207","12239030","20.25","20.30","20.00","20.05","-0.2000","501"
"1150326","2535","達欣工","464069","34084082","74.50","74.50","72.80","72.90","-1.0000","1153"
"1150326","2536","宏普","550266","12423946","22.40","22.70","22.40","22.45","0.0500","117"
"1150326","2537","聯上發","469661","4927495","10.60","10.60","10.40","10.40","-0.0500","335"
"1150326","2538","基泰","120597","1234769","10.30","10.30","10.15","10.20","0.0000","89"
"1150326","2539","櫻花建","549511","26765379","49.00","49.15","48.35","48.50","-0.2000","732"
"1150326","2540","愛山林","713017","34192880","47.65","48.35","47.50","47.80","0.3000","482"
"1150326","2542","興富發","1886889","68029003","36.00","36.30","35.90","35.90","-0.2000","1483"
"1150326","2543","皇昌","3410158","216592864","66.40","66.40","62.60","62.60","-2.9000","2514"
"1150326","2545","皇翔","141452","5220065","37.30","37.40","36.60","36.60","-0.3500","193"
"1150326","2546","根基","69188","5788387","83.60","84.00","83.30","83.50","-0.1000","342"
"1150326","2547","日勝生","1152754","12518639","10.90","11.00","10.80","10.80","-0.1000","493"
"1150326","2548","華固","3144172","388248941","123.50","126.00","121.00","122.50","-1.0000","2876"
"1150326","2597","潤弘","483763","74077831","155.00","155.00","152.00","152.50","-1.5000","463"
"1150326","2601","益航","1153071","6969479","5.97","6.12","5.96","6.04","0.0400","547"
"1150326","2603","長榮","6049866","1235926413","206.00","206.50","202.50","203.00","-3.0000","8156"
"1150326","2605","新興","31868578","1364358217","42.00","43.70","41.90","42.75","0.4000","17881"
"1150326","2606","裕民","5052395","297885934","60.60","60.60","58.20","58.30","-2.1000","3681"
"1150326","2607","榮運","391863","20201473","52.30","52.30","51.20","51.20","-0.8000","1579"
"1150326","2608","嘉里大榮","143188","4469520","31.40","31.40","31.05","31.10","0.0500","276"
"1150326","2609","陽明","12657082","675126765","54.20","54.30","52.60","52.60","-1.1000","11018"
"1150326","2610","華航","14847779","279209111","18.85","18.95","18.75","18.75","-0.2000","6030"
"1150326","2611","志信","287180","4165299","14.45","14.60","14.45","14.50","-0.0500","512"
"1150326","2612","中航","499767","27687599","56.70","56.90","54.90","55.00","-1.3000","899"
"1150326","2613","中櫃","299232","7027425","23.75","23.75","23.30","23.30","-0.4000","260"
"1150326","2614","東森","493829","10144612","20.75","20.85","20.35","20.50","-0.2500","468"
"1150326","2615","萬海","3618362","272227558","76.00","76.20","74.50","74.50","-1.0000","3530"
"1150326","2616","山隆","2246845","38489292","16.60","18.00","16.50","17.30","0.6500","1897"
"1150326","2617","台航","319090","9776840","31.00","31.00","30.40","30.50","-0.3000","261"
"1150326","2618","長榮航","17287161","614034646","35.10","35.95","35.10","35.35","-0.3000","7598"
"1150326","2630","亞航","965732","47563173","49.75","50.20","48.60","48.60","-1.1000","967"
"1150326","2633","台灣高鐵","5285469","139273258","26.30","26.50","26.25","26.25","-0.2000","2426"
"1150326","2634","漢翔","5498858","276858159","51.20","51.20","49.90","49.90","-1.3000","3855"
"1150326","2636","台驊控股","295091","20245215","69.70","69.70","68.20","68.30","-0.5000","740"
"1150326","2637","慧洋-KY","1335548","92731022","70.80","70.80","69.00","69.00","-1.4000","2053"
"1150326","2642","宅配通","62092","1452583","23.50","23.50","23.30","23.35","-0.1000","142"
"1150326","2645","長榮航太","1010662","157876975","156.00","158.50","153.50","154.50","-0.5000","1315"
"1150326","2646","星宇航空","2312239","49825923","21.65","21.70","21.50","21.50","-0.1500","1788"
"1150326","2701","萬企","40483","434758","10.80","10.80","10.70","10.70","-0.0500","35"
"1150326","2702","華園","189166","2290909","12.15","12.30","11.90","12.25","0.0500","203"
"1150326","2704","國賓","45056","1897305","42.55","42.55","41.90","42.40","0.3000","46"
"1150326","2705","六福","133163","2199317","16.40","16.65","16.35","16.60","0.2000","382"
"1150326","2706","第一店","89018","1102337","12.45","12.45","12.35","12.35","-0.0500","100"
"1150326","2707","晶華","32572","6032705","186.00","186.00","184.50","185.50","1.0000","136"
"1150326","2712","遠雄來","6211","90734","14.55","14.70","14.50","14.65","-0.1500","15"
"1150326","2722","夏都","23315","536019","23.30","23.30","22.85","23.00","0.0500","54"
"1150326","2723","美食-KY","187744","13079397","70.70","70.70","69.10","69.30","-1.1000","226"
"1150326","2727","王品","321119","75075012","236.00","236.00","232.00","233.00","-4.0000","2076"
"1150326","2731","雄獅","413971","68808658","168.00","168.00","164.50","164.50","-2.5000","607"
"1150326","2739","寒舍","58008","1972073","33.90","34.15","33.90","34.05","0.0500","35"
"1150326","2748","雲品","72863","2919648","40.00","40.25","39.90","39.90","-0.1000","70"
"1150326","2753","八方雲集","274250","49608291","182.50","182.50","180.00","180.00","-2.0000","448"
"1150326","2762","世界健身-KY","14840","1073832","72.70","72.70","72.00","72.50","-0.2000","51"
"1150326","2801","彰銀","14766448","306108301","20.75","20.80","20.60","20.75","0.0500","3507"
"1150326","2812","台中銀","8414599","174492897","20.70","20.80","20.60","20.70","0.1000","3193"
"1150326","2816","旺旺保","74226","2341651","31.90","31.90","31.30","31.35","-0.2500","80"
"1150326","2820","華票","630627","10588799","16.85","16.85","16.75","16.80","0.0000","450"
"1150326","2832","台產","149878","7092271","47.95","47.95","47.05","47.40","0.0000","311"
"1150326","2834","臺企銀","15906169","240299900","15.15","15.15","15.05","15.05","-0.0500","5033"
"1150326","2836","高雄銀","633185","7688368","12.20","12.20","12.10","12.15","0.0000","262"
"1150326","2836A","高雄銀甲特","21514","524186","24.35","24.50","24.35","24.50","0.1500","16"
"1150326","2838","聯邦銀","1801734","37125643","20.65","20.75","20.45","20.70","0.1500","786"
"1150326","2838A","聯邦銀甲特","10000","546000","54.60","54.60","54.60","54.60","0.1000","2"
"1150326","2845","遠東銀","3811384","47467018","12.45","12.50","12.40","12.50","0.0500","1119"
"1150326","2849","安泰銀","45861","598931","13.05","13.15","13.05","13.05","-0.0500","82"
"1150326","2850","新產","118121","13741154","116.50","117.00","116.00","116.50","0.5000","169"
"1150326","2851","中再保","3792819","117589652","31.80","31.80","30.60","30.65","-0.9500","3045"
"1150326","2852","第一保","168935","4385504","26.05","26.05","25.75","25.95","-0.1000","113"
"1150326","2855","統一證","3659211","118962896","32.40","32.65","32.20","32.45","0.2500","2121"
"1150326","2867","三商壽","6052777","46590902","7.72","7.74","7.66","7.70","0.0400","1615"
"1150326","2880","華南金","9176696","309897946","34.00","34.00","33.60","33.65","-0.5000","5449"
"1150326","2881","富邦金","13848827","1224474894","89.20","89.20","88.00","88.60","-0.2000","8902"
"1150326","2881A","富邦特","13100","837390","64.00","64.00","63.90","64.00","0.0000","7"
"1150326","2881B","富邦金乙特","120423","7521693","62.40","62.50","62.40","62.50","0.0000","23"
"1150326","2881C","富邦金丙特","3604","186492","51.70","51.90","51.70","51.90","0.3000","21"
"1150326","2882","國泰金","13797004","980528902","71.40","71.80","70.70","70.80","-0.6000","6742"
"1150326","2882A","國泰特","170247","10523203","61.70","61.90","61.70","61.90","0.1000","23"
"1150326","2882B","國泰金乙特","65026","3944147","60.60","60.90","60.60","60.90","0.2000","11"
"1150326","2883","凱基金","41486604","827860319","20.35","20.35","19.80","19.80","-0.5500","12076"
"1150326","2883B","凱基金乙特","1478402","11932218","8.06","8.09","8.05","8.09","0.0100","234"
"1150326","2884","玉山金","23136520","745866447","32.45","32.45","32.00","32.35","0.2500","8053"
"1150326","2885","元大金","20850336","961724995","45.85","46.75","45.75","46.05","0.2000","11857"
"1150326","2886","兆豐金","19802542","773355885","39.40","39.40","38.85","39.10","-0.0500","7999"
"1150326","2887","台新新光金","46422059","1124533320","24.65","24.65","24.00","24.15","-0.3000","10002"
"1150326","2887E","台新新光戊特一","199755","10094988","50.30","50.70","50.30","50.50","0.1000","56"
"1150326","2887F","台新新光戊特二","10662","503518","47.25","47.25","47.20","47.20","-0.0500","13"
"1150326","2887G","台新新光庚特一","81894","3408840","41.55","41.65","41.55","41.65","0.1000","34"
"1150326","2887H","台新新光庚特二","110185","4423660","40.15","40.20","40.10","40.15","0.0500","57"
"1150326","2887I","台新新光辛特","12369858","116212681","9.35","9.43","9.34","9.38","0.0300","850"
"1150326","2887Z1","台新新光己特","53100","923929","17.40","17.40","17.40","17.40","0.0000","19"
"1150326","2889","國票金","7379301","121282528","17.30","17.30","16.20","16.25","-1.0500","9802"
"1150326","2890","永豐金","13944032","442373171","32.00","32.00","31.55","31.55","-0.3000","5114"
"1150326","2891","中信金","21292099","1127317047","53.00","53.20","52.60","53.00","0.2000","7099"
"1150326","2891B","中信金乙特","8409","538030","64.00","64.00","64.00","64.00","-0.3000","17"
"1150326","2891C","中信金丙特","397","23926","","","","","0.0000","18"
"1150326","2892","第一金","15913729","456085760","28.85","28.85","28.50","28.65","-0.0500","5119"
"1150326","2897","王道銀行","1390735","13836375","9.96","9.98","9.92","9.94","0.0100","551"
"1150326","2897B","王道銀乙特","9050","107492","11.90","11.90","11.85","11.85","-0.0500","4"
"1150326","2901","欣欣","3793","90312","23.85","23.85","23.75","23.75","0.0500","27"
"1150326","2903","遠百","721746","16555802","23.00","23.00","22.80","22.95","0.1000","505"
"1150326","2904","匯僑","77076","1299230","16.80","16.95","16.80","16.95","0.2000","83"
"1150326","2905","三商","476842","6904920","14.70","14.70","14.30","14.50","-0.0500","371"
"1150326","2906","高林","74868","988313","13.35","13.35","13.10","13.20","-0.0500","98"
"1150326","2908","特力","70183","1400539","20.05","20.05","19.90","20.00","0.1000","24"
"1150326","2910","統領","7000","148450","21.35","21.35","21.10","21.25","0.0500","7"
"1150326","2911","麗嬰房","31500","160270","5.10","5.10","5.08","5.10","0.0300","289"
"1150326","2912","統一超","2760885","605555557","217.00","221.00","216.00","220.00","4.0000","3341"
"1150326","2913","農林","2796568","34980462","12.30","12.65","12.30","12.55","0.3000","1321"
"1150326","2915","潤泰全","888254","42177110","47.40","47.75","47.20","47.50","0.2500","908"
"1150326","2923","鼎固-KY","35659","660641","19.00","19.00","18.15","18.40","-0.1500","68"
"1150326","2929","淘帝-KY","186695","1164676","6.20","6.32","6.20","6.22","-0.0300","230"
"1150326","2939","永邑-KY","8021","210396","25.90","26.40","25.90","26.40","0.3000","29"
"1150326","2945","三商家購","4252","173564","40.90","40.90","40.80","40.80","-0.1000","12"
"1150326","3002","歐格","207401","4038999","19.80","19.80","19.15","19.15","-0.5000","181"
"1150326","3003","健和興","324416","16532262","51.10","51.70","50.50","50.70","0.1000","303"
"1150326","3004","豐達科","171488","17673158","104.00","105.00","101.50","101.50","-2.0000","335"
"1150326","3005","神基","9321009","1030257403","113.00","113.50","109.00","109.50","-3.0000","8212"
"1150326","3006","晶豪科","6364298","1075435438","172.00","176.00","164.00","168.50","-9.0000","7075"
"1150326","3008","大立光","453728","1010131370","2250.00","2250.00","2210.00","2210.00","-10.0000","2737"
"1150326","3010","華立","724219","91534258","129.00","130.50","124.00","124.50","-4.0000","2430"
"1150326","3011","今皓","2378551","31182761","12.65","13.50","12.65","12.65","0.0500","1301"
"1150326","3013","晟銘電","1325538","130250517","99.00","100.50","96.50","96.50","-2.2000","1655"
"1150326","3014","聯陽","417597","48813604","117.00","118.00","116.00","116.00","-1.0000","1232"
"1150326","3015","全漢","147312","7589730","51.50","51.90","51.10","51.30","0.2000","172"
"1150326","3016","嘉晶","1633993","99903166","61.60","62.70","59.60","59.80","-1.0000","1417"
"1150326","3017","奇鋐","8504254","19327999055","2200.00","2310.00","2175.00","2275.00","175.0000","20963"
"1150326","3018","隆銘綠能","7145","85766","12.00","12.00","12.00","12.00","0.1000","58"
"1150326","3019","亞光","1677913","216365950","131.50","131.50","127.50","128.50","0.5000","2722"
"1150326","3021","鴻名","99010","1594212","16.15","16.40","16.00","16.00","-0.3000","70"
"1150326","3022","威強電","716784","45272507","64.10","64.20","62.60","62.60","-0.9000","581"
"1150326","3023","信邦","3689635","924525703","256.50","256.50","247.00","247.00","-9.0000","5391"
"1150326","3024","憶聲","458060","4663196","10.25","10.25","10.10","10.15","0.0000","267"
"1150326","3025","星通","446481","27389383","61.60","62.90","60.00","60.00","-1.6000","538"
"1150326","3026","禾伸堂","3198780","468621115","146.50","146.50","146.50","146.50","13.0000","2458"
"1150326","3027","盛達","455966","9381439","20.25","20.95","20.25","20.35","0.4500","520"
"1150326","3028","增你強","3099511","169175378","55.00","55.70","53.60","53.80","-0.6000","2440"
"1150326","3029","零壹","1954934","188869227","99.20","99.80","94.60","95.50","-3.2000","4372"
"1150326","3030","德律","3859511","981976049","255.50","260.50","247.50","253.00","2.0000","4471"
"1150326","3031","佰鴻","6248345","150815509","24.55","24.85","23.35","23.80","-0.6000","3559"
"1150326","3032","偉訓","280732","18393517","66.00","66.40","64.90","65.40","0.2000","282"
"1150326","3033","威健","4062487","135076335","33.70","33.70","32.90","33.10","-0.3500","2427"
"1150326","3034","聯詠","7237544","2823827339","377.00","398.00","376.00","392.00","14.5000","12338"
"1150326","3035","智原","2131896","326520332","151.50","155.50","151.00","151.00","-0.5000","2371"
"1150326","3036","文曄","9342278","2144002969","236.00","237.00","226.00","227.00","-10.5000","7045"
"1150326","3037","欣興","8065176","4192122388","510.00","538.00","500.00","502.00","-4.0000","10460"
"1150326","3038","全台","151897","3188696","21.10","21.10","20.90","20.90","0.0000","206"
"1150326","3040","遠見","515656","27037546","50.80","54.00","50.80","52.70","1.9000","416"
"1150326","3041","揚智","610620","14281551","23.60","24.10","23.00","23.00","-0.6000","799"
"1150326","3042","晶技","1032792","93762847","92.10","92.10","90.00","90.10","-1.6000","1936"
"1150326","3043","科風","42808","886225","20.80","20.85","20.60","20.60","0.0000","128"
"1150326","3044","健鼎","1981398","716773793","359.00","368.00","356.00","356.00","-1.0000","2652"
"1150326","3045","台灣大","3742610","408460193","109.50","109.50","109.00","109.00","0.0000","1593"
"1150326","3046","建碁","76435","3625363","47.85","47.85","47.10","47.20","0.0000","103"
"1150326","3047","訊舟","2215207","36952320","16.40","17.25","16.20","16.20","-0.1000","1419"
"1150326","3048","益登","2342043","88651254","38.50","38.90","37.10","37.10","-1.2000","1982"
"1150326","3049","精金","51579047","676326894","11.85","14.40","11.85","13.85","0.7000","18552"
"1150326","3050","鈺德","1682755","23591210","14.05","14.25","13.85","13.95","0.0000","770"
"1150326","3051","力特","383042","7871130","21.00","21.00","20.25","20.30","-0.5000","452"
"1150326","3052","夆典","357363","3965696","11.05","11.15","11.00","11.05","0.0500","406"
"1150326","3054","立萬利","161130","10702695","65.00","69.50","65.00","65.00","0.0000","168"
"1150326","3055","蔚華科","243720","14473657","60.60","61.40","58.30","58.30","-2.3000","349"
"1150326","3056","富華新","1156348","17230164","15.00","15.15","14.80","14.80","-0.1000","729"
"1150326","3057","喬鼎","142428","2384861","17.05","17.10","16.40","16.75","0.2000","234"
"1150326","3058","立德","3696320","38745618","9.74","10.65","9.70","10.40","0.7000","1765"
"1150326","3059","華晶科","1503435","56079224","37.50","37.90","36.75","36.75","-0.6500","1304"
"1150326","3060","銘異","4217440","138250244","32.55","34.00","31.90","32.05","-0.3500","3262"
"1150326","3062","建漢","15476388","409365733","27.00","27.10","25.35","25.45","-0.2000","8595"
"1150326","3090","日電貿","1343555","125980812","94.50","95.30","92.50","92.50","-1.1000","1254"
"1150326","3092","鴻碩","563455","17207961","30.35","31.20","30.10","30.10","-0.2500","606"
"1150326","3094","聯傑","148431","3472580","23.60","23.70","23.15","23.15","-0.3000","291"
"1150326","3130","一零四","35881","7975242","222.00","223.50","221.50","221.50","-0.5000","226"
"1150326","3135","凌航","10657918","1252799113","124.50","126.50","113.50","113.50","-12.5000","8127"
"1150326","3138","耀登","6500735","1203391901","178.50","193.00","177.50","177.50","2.0000","7811"
"1150326","3149","正達","11550821","547857475","44.05","48.50","43.95","46.60","2.5000","7521"
"1150326","3150","鈺寶-創","254880","4881258","19.75","19.75","18.50","18.50","-0.8500","209"
"1150326","3164","景岳","101501","1857122","18.10","18.60","18.00","18.30","0.0500","139"
"1150326","3167","大量","639669","228220957","365.00","365.00","349.00","349.50","1.0000","975"
"1150326","3168","眾福科","17308","714748","41.60","41.60","41.20","41.25","-0.3500","17"
"1150326","3189","景碩","6883559","2471443950","352.00","370.00","351.50","351.50","0.0000","11135"
"1150326","3209","全科","2317904","101553828","43.50","44.25","43.20","43.85","0.4000","1993"
"1150326","3229","晟鈦","268761","5638553","20.20","21.95","20.00","20.75","0.3000","167"
"1150326","3231","緯創","23871544","3054318969","128.50","129.00","127.00","127.00","-1.0000","14865"
"1150326","3257","虹冠電","147046","8160193","55.50","56.20","55.00","55.00","-0.5000","194"
"1150326","3266","昇陽","73015","986452","13.75","13.75","13.45","13.45","0.0500","37"
"1150326","3296","勝德","12548","271485","21.30","21.90","21.30","21.60","0.0000","27"
"1150326","3305","昇貿","3458910","367343740","104.00","110.00","103.00","103.00","0.5000","3637"
"1150326","3308","聯德","146544","3120749","21.60","21.90","21.00","21.00","-0.3000","165"
"1150326","3311","閎暉","193529","6374199","33.45","33.50","32.50","32.50","-0.9500","1174"
"1150326","3312","弘憶股","554618","19768526","36.25","36.40","35.15","35.15","-0.6500","479"
"1150326","3321","同泰","232258","3829795","16.80","16.85","16.15","16.25","-0.3500","268"
"1150326","3338","泰碩","835620","51896941","62.30","63.90","60.50","60.60","-1.2000","1523"
"1150326","3346","麗清","227777","4326128","18.95","19.20","18.80","18.80","-0.1500","200"
"1150326","3356","奇偶","307882","15564518","50.00","51.20","50.00","50.00","-0.1000","1738"
"1150326","3376","新日興","4726508","1014217902","221.50","221.50","209.50","210.00","-7.5000","5101"
"1150326","3380","明泰","13417205","500347507","36.85","38.25","36.25","36.25","-0.2000","8126"
"1150326","3406","玉晶光","781226","360007467","471.50","472.50","452.00","452.00","-16.0000","3361"
"1150326","3413","京鼎","3531463","1107405102","326.00","326.00","307.00","311.50","-12.0000","11691"
"1150326","3416","融程電","196641","29448675","152.00","152.50","148.00","148.00","-4.0000","481"
"1150326","3419","譁裕","220414","3602114","16.55","16.60","16.10","16.25","-0.1500","166"
"1150326","3432","台端","52242","886094","17.20","17.20","16.65","17.15","-0.1000","68"
"1150326","3437","榮創","1089673","24390297","23.05","23.45","21.50","21.70","-1.0000","823"
"1150326","3443","創意","2718187","6828018530","2490.00","2570.00","2455.00","2540.00","65.0000","6954"
"1150326","3447","展達","174182","6959731","39.35","40.60","39.35","39.50","0.1500","136"
"1150326","3450","聯鈞","22406480","6485525388","282.00","302.50","278.00","279.00","1.0000","23087"
"1150326","3481","群創","248645740","6410609066","26.00","26.55","25.00","25.00","-0.6500","82287"
"1150326","3494","誠研","114560","917222","8.05","8.08","7.90","8.06","-0.0700","119"
"1150326","3501","維熹","101065","4880153","48.05","48.80","48.05","48.25","0.4500","228"
"1150326","3504","揚明光","313603","17734945","58.30","59.10","55.40","55.50","-2.3000","343"
"1150326","3515","華擎","740105","160443497","220.00","221.50","214.00","214.50","-3.5000","834"
"1150326","3518","柏騰","221162","4935924","22.80","22.80","22.05","22.05","-0.0500","233"
"1150326","3528","安馳","204346","13094277","63.10","64.90","63.10","64.30","1.5000","196"
"1150326","3530","晶相光","94693","5589824","59.90","59.90","58.40","59.00","0.8000","124"
"1150326","3532","台勝科","3814142","550207232","138.50","146.00","138.50","146.00","13.0000","2264"
"1150326","3533","嘉澤","2887477","6520355485","2220.00","2295.00","2195.00","2270.00","120.0000","4393"
"1150326","3535","晶彩科","2101493","251238010","121.50","123.00","116.50","116.50","-4.5000","3248"
"1150326","3543","州巧","2047729","101768128","51.30","51.80","48.70","48.70","-2.1000","1458"
"1150326","3545","敦泰","1221965","53999351","43.65","45.25","43.50","43.60","0.3500","1747"
"1150326","3550","聯穎","1124048","20050403","17.75","18.25","17.45","17.50","-0.2500","915"
"1150326","3557","嘉威","73786","2248671","30.30","30.95","30.25","30.60","0.1000","112"
"1150326","3563","牧德","5039812","3923040665","756.00","815.00","742.00","784.00","40.0000","7830"
"1150326","3576","聯合再生","40045391","998714925","25.00","25.00","24.15","25.00","2.2500","13732"
"1150326","3583","辛耘","9981090","5079534789","517.00","532.00","490.00","501.00","4.0000","14171"
"1150326","3588","通嘉","170927","8531716","50.60","50.90","49.20","49.35","-0.8500","925"
"1150326","3591","艾笛森","6028517","129898850","20.90","22.10","20.50","21.15","0.2000","3666"
"1150326","3592","瑞鼎","1196066","263471234","215.00","225.00","215.00","223.00","8.5000","2682"
"1150326","3593","力銘","37035","497530","13.50","13.50","12.75","13.35","0.1000","141"
"1150326","3596","智易","5281028","890005055","171.50","173.50","164.00","165.50","0.0000","5126"
"1150326","3605","宏致","1111905","66947801","59.60","61.30","59.10","59.30","0.2000","997"
"1150326","3607","谷崧","159334","2297825","14.65","14.65","14.30","14.35","-0.1500","170"
"1150326","3617","碩天","140396","24317113","175.50","176.00","171.50","171.50","-2.5000","264"
"1150326","3622","洋華","149463","8894965","59.40","60.00","58.90","59.00","-0.7000","199"
"1150326","3645","達邁","4905819","380308508","77.50","79.50","75.50","75.70","-1.3000","3958"
"1150326","3652","精聯","15005","410385","27.50","27.50","27.05","27.05","-0.1000","15"
"1150326","3653","健策","1294550","5132399805","3945.00","4060.00","3870.00","3940.00","-5.0000","5313"
"1150326","3661","世芯-KY","2377577","7412518300","3155.00","3235.00","3065.00","3065.00","-85.0000","22683"
"1150326","3665","貿聯-KY","3437183","6416338840","1850.00","1930.00","1810.00","1815.00","10.0000","6622"
"1150326","3669","圓展","49772","1661610","33.65","33.70","33.10","33.25","-0.4000","54"
"1150326","3673","TPK-KY","9106567","423618999","45.30","47.20","45.20","46.20","1.4500","5349"
"1150326","3679","新至陞","27738","3306404","120.00","120.00","118.50","119.00","-1.0000","105"
"1150326","3686","達能","254798","4843202","18.90","19.20","18.75","18.90","0.0000","487"
"1150326","3694","海華","510282","28374985","56.10","56.40","54.90","54.90","-0.6000","592"
"1150326","3701","大眾控","5256920","321210572","63.90","63.90","58.00","58.00","-2.0000","4093"
"1150326","3702","大聯大","19200024","1848091753","97.60","98.40","94.30","95.10","-0.7000","13904"
"1150326","3703","欣陸","1366633","31484784","23.15","23.40","22.70","22.75","-0.4000","614"
"1150326","3704","合勤控","2563186","86093520","33.50","34.30","32.75","32.75","-0.1500","2191"
"1150326","3705","永信","559223","30306520","53.60","54.70","53.60","54.10","1.0000","376"
"1150326","3706","神達","5799614","462172233","80.40","80.90","79.00","79.00","-1.0000","6179"
"1150326","3708","上緯投控","917984","111403548","121.50","123.50","119.50","120.00","-0.5000","1661"
"1150326","3711","日月光投控","19941819","7191078917","353.00","366.00","352.50","359.00","7.0000","19454"
"1150326","3712","永崴投控","361797","8534166","23.60","23.80","23.40","23.50","0.2000","301"
"1150326","3714","富采","30555566","1565816074","50.00","53.10","49.95","50.10","1.5000","19380"
"1150326","3715","定穎投控","64174462","12261481975","187.00","197.00","185.00","185.00","2.0000","51983"
"1150326","3716","中化控股","100285","3315052","33.30","33.30","32.95","33.00","-0.1000","415"
"1150326","3717","聯嘉投控","3708656","83258034","23.05","23.20","21.60","21.60","-0.3000","2480"
"1150326","4104","佳醫","202558","15557381","76.70","77.00","76.50","76.90","0.5000","428"
"1150326","4106","雃博","98844","2197722","22.35","22.40","22.15","22.40","0.0500","73"
"1150326","4108","懷特","85605","1117918","13.30","13.30","12.95","12.95","-0.1500","227"
"1150326","4119","旭富","71258","3739890","52.90","52.90","52.20","52.70","0.4000","85"
"1150326","4133","亞諾法","104506","2430383","24.05","24.05","23.05","23.15","0.0500","1244"
"1150326","4137","麗豐-KY","70351","7538531","108.00","108.00","106.50","107.00","-1.0000","98"
"1150326","4142","國光生","1454499","26978619","18.70","18.85","18.35","18.35","-0.2500","1263"
"1150326","4148","全宇生技-KY","45341","1903116","41.95","42.65","41.50","41.90","0.1500","50"
"1150326","4155","訊映","175534","2331425","13.45","13.45","13.20","13.30","-0.1500","417"
"1150326","4164","承業醫","1105631","34313160","31.85","31.85","30.70","30.70","-0.8000","926"
"1150326","4190","佐登-KY","15927","440371","27.70","27.70","27.55","27.70","0.0000","92"
"1150326","4306","炎洲","3182558","43769453","13.50","13.90","13.50","13.75","0.3000","1393"
"1150326","4414","如興","1254189","15324111","12.25","12.45","12.00","12.20","0.0000","472"
"1150326","4426","利勤","111812","1017034","9.22","9.22","9.04","9.04","0.0000","63"
"1150326","4438","廣越","87941","5020642","57.90","58.00","56.50","56.80","-0.8000","173"
"1150326","4439","冠星-KY","7074","593040","83.70","84.80","83.40","83.50","-1.5000","11"
"1150326","4440","宜新實業","255000","4436750","17.35","17.50","17.35","17.45","0.1000","27"
"1150326","4441","振大環球","25026","5010791","200.00","201.50","199.00","200.50","-1.5000","22"
"1150326","4526","東台","6600220","230515232","34.45","35.85","33.95","34.00","-0.8000","4204"
"1150326","4532","瑞智","1983513","53803970","27.05","27.30","26.90","27.10","0.3500","1166"
"1150326","4536","拓凱","183861","27786164","152.50","152.50","150.00","151.00","-0.5000","243"
"1150326","4540","全球傳動","1329271","59193957","45.75","45.75","44.00","44.00","-1.2000","1394"
"1150326","4545","銘鈺","92125","2937293","32.10","32.50","31.30","31.30","-0.6000","119"
"1150326","4551","智伸科","664777","88665752","134.50","135.50","131.50","131.50","-2.5000","1131"
"1150326","4552","力達-KY","49017","1033088","21.25","21.25","21.00","21.25","-0.0500","71"
"1150326","4555","氣立","68943","2482592","36.10","37.15","35.50","35.75","-0.6500","71"
"1150326","4557","永新-KY","69501","4118376","59.00","59.70","58.90","58.90","-0.1000","330"
"1150326","4560","強信-KY","162000","5261200","32.65","32.70","32.35","32.55","0.0000","64"
"1150326","4562","穎漢","160790","5103600","32.80","32.80","31.35","31.40","-0.7000","182"
"1150326","4564","元翎","1192367","23135978","19.85","20.05","19.10","19.25","-0.5500","974"
"1150326","4566","時碩工業","636885","38515615","62.20","62.30","59.40","59.40","-2.4000","1210"
"1150326","4569","六方科-KY","158269","22002915","143.00","143.00","136.50","136.50","-6.5000","215"
"1150326","4571","鈞興-KY","203686","33029628","164.00","164.50","160.50","160.50","-2.0000","259"
"1150326","4572","駐龍","14006","2000955","142.00","143.00","142.00","142.00","0.0000","30"
"1150326","4576","大銀微系統","8001181","1073292616","132.50","141.00","124.50","137.50","8.5000","7724"
"1150326","4581","光隆精密-KY","21602","1066771","49.00","49.80","49.00","49.50","0.5000","25"
"1150326","4583","台灣精銳","413159","283676661","660.00","700.00","660.00","679.00","20.0000","1417"
"1150326","4585","達明","199221","60115797","304.00","307.50","298.00","298.00","-7.0000","669"
"1150326","4588","玖鼎電力","128501","7798826","60.00","61.20","59.40","60.70","0.7000","99"
"1150326","4590","富田-創","172397","12961864","75.50","76.30","74.20","74.30","-0.1000","163"
"1150326","4720","德淵","7220207","133275764","18.90","19.00","18.00","18.00","-0.1500","2832"
"1150326","4722","國精化","912125","155472483","176.00","176.00","168.00","168.00","-5.0000","1102"
"1150326","4736","泰博","114735","14286032","124.00","125.00","124.00","124.00","0.0000","147"
"1150326","4737","華廣","92900","6082881","65.10","65.80","64.90","64.90","0.0000","105"
"1150326","4739","康普","3501156","295906279","85.20","86.30","83.10","83.40","-1.6000","3365"
"1150326","4746","台耀","1273715","70903145","56.00","57.10","54.40","54.40","-0.9000","895"
"1150326","4755","三福化","1487237","219815366","154.50","154.50","143.50","144.00","-8.5000","1505"
"1150326","4763","材料*-KY","3401596","150324482","44.20","44.70","43.75","44.15","0.3000","2325"
"1150326","4764","雙鍵","2421247","317814290","131.00","136.00","127.00","129.00","-1.5000","2074"
"1150326","4766","南寶","867852","287850469","345.00","345.00","324.50","325.00","-15.5000","1808"
"1150326","4770","上品","349590","79721668","232.50","233.00","225.00","225.00","-3.5000","544"
"1150326","4771","望隼","108049","20899148","195.00","196.50","191.00","191.00","-3.0000","168"
"1150326","4807","日成-KY","61955","980154","15.80","15.95","15.70","15.70","-0.1000","265"
"1150326","4904","遠傳","7239070","671192580","93.80","93.80","92.10","92.30","-1.7000","3427"
"1150326","4906","正文","16098854","589217874","36.60","36.60","36.60","36.60","3.3000","5335"
"1150326","4912","聯德控股-KY","217453","19456578","91.50","91.50","88.00","88.00","-2.1000","1986"
"1150326","4915","致伸","1909003","137982673","72.50","72.80","71.90","71.90","0.0000","1300"
"1150326","4916","事欣科","4658117","278196445","60.90","62.20","57.80","57.80","-2.3000","6210"
"1150326","4919","新唐","17559988","1710304837","103.00","103.00","93.20","93.20","-7.8000","14683"
"1150326","4927","泰鼎-KY","6767336","295302797","43.00","44.85","42.50","42.50","-0.1500","4562"
"1150326","4930","燦星網","69819","1374703","19.60","19.80","19.55","19.70","0.0000","325"
"1150326","4934","太極","1603035","29211991","18.35","18.65","17.85","17.85","-0.3000","936"
"1150326","4935","茂林-KY","325868","12505572","36.60","39.20","36.60","38.70","2.2500","264"
"1150326","4938","和碩","25011228","2030608163","79.50","83.50","79.50","80.70","3.3000","16625"
"1150326","4942","嘉彰","70208","2660720","37.90","38.15","37.45","37.90","0.4000","49"
"1150326","4943","康控-KY","12495","143503","11.55","11.55","11.05","11.05","-0.5000","40"
"1150326","4949","有成精密","5935739","399829528","67.00","70.30","63.80","64.00","-1.5000","4369"
"1150326","4952","凌通","259624","10952108","42.25","43.05","41.50","41.50","-0.7500","308"
"1150326","4956","光鋐","16850059","609413285","37.40","38.00","34.75","35.10","-2.1000","10098"
"1150326","4958","臻鼎-KY","42853097","9348029755","210.50","225.00","207.00","218.50","11.0000","36904"
"1150326","4960","誠美材","7517868","199241031","26.10","27.20","25.00","25.00","-1.6500","4250"
"1150326","4961","天鈺","655133","93108573","142.50","143.00","140.50","143.00","1.5000","2783"
"1150326","4967","十銓","18210581","4371866603","248.50","251.00","229.50","229.50","-25.0000","17799"
"1150326","4968","立積","1221346","133130303","110.00","113.00","105.50","106.00","-2.5000","2345"
"1150326","4976","佳凌","348398","10086313","29.45","29.45","28.65","28.80","-0.2500","495"
"1150326","4977","眾達-KY","28482360","5815860967","202.50","214.00","196.00","196.00","-3.5000","31197"
"1150326","4989","榮科","19296446","1311414960","67.20","70.50","65.90","65.90","-1.1000","12362"
"1150326","4994","傳奇","11508","1069828","92.30","94.00","91.90","91.90","-0.6000","21"
"1150326","4999","鑫禾","67863","1482774","21.80","21.95","21.80","21.80","0.0000","392"
"1150326","5007","三星","39376","2257896","57.40","57.50","57.00","57.00","0.0000","45"
"1150326","5203","訊連","140773","8933863","63.80","64.10","62.90","63.10","-0.2000","338"
"1150326","5215","科嘉-KY","18964","718930","37.95","38.00","37.90","37.90","-0.1000","27"
"1150326","5222","全訊","565578","76207835","135.50","138.00","132.00","132.50","-2.5000","892"
"1150326","5225","東科-KY","911277","82378236","91.70","91.70","90.00","90.00","-0.8000","851"
"1150326","5234","達興材料","633548","232506897","372.00","379.00","358.00","358.00","-9.0000","1564"
"1150326","5243","乙盛-KY","4223239","313944312","74.40","75.60","71.60","74.00","1.0000","2815"
"1150326","5244","弘凱","6412888","279548821","45.10","45.55","39.00","39.00","-2.4500","3877"
"1150326","5258","虹堡","644164","30824541","46.75","48.40","46.60","48.15","1.5500","1343"
"1150326","5269","祥碩","574339","688745690","1190.00","1220.00","1180.00","1180.00","5.0000","1998"
"1150326","5283","禾聯碩","93560","5262642","56.20","56.70","56.00","56.00","-0.6000","452"
"1150326","5284","jpp-KY","1492328","423774095","289.00","289.50","278.00","280.00","-7.5000","4251"
"1150326","5285","界霖","95628","4613313","48.20","48.60","47.80","48.30","0.1000","91"
"1150326","5288","豐祥-KY","155673","21967048","140.50","142.50","140.00","141.00","0.5000","239"
"1150326","5292","華懋","1746205","406319457","231.00","240.50","223.00","234.50","14.5000","4508"
"1150326","5306","桂盟","57580","5113467","89.80","89.80","88.40","88.40","-0.6000","409"
"1150326","5388","中磊","2591901","198121667","77.30","78.40","75.10","75.20","-1.3000","2712"
"1150326","5434","崇越","316960","102371034","328.50","328.50","318.50","319.00","-7.0000","2117"
"1150326","5469","瀚宇博","1783708","149352866","83.00","85.20","82.40","82.60","0.0000","2181"
"1150326","5471","松翰","512121","20682948","41.00","41.00","39.60","40.40","-0.1000","491"
"1150326","5484","慧友","231817","9406428","41.90","41.90","39.80","40.10","-1.1500","479"
"1150326","5515","建國","552477","20887991","38.10","38.10","37.50","37.60","-0.3000","680"
"1150326","5519","隆大","376127","12739662","33.95","34.10","33.70","33.80","-0.0500","353"
"1150326","5521","工信","3195198","43725758","13.45","14.15","13.35","13.35","-0.4000","1799"
"1150326","5522","遠雄","1216318","89759675","73.80","74.60","72.90","73.20","0.3000","1605"
"1150326","5525","順天","30915","792603","25.70","25.80","25.55","25.65","0.0000","38"
"1150326","5531","鄉林","441934","3929667","8.99","8.99","8.85","8.93","-0.0100","202"
"1150326","5533","皇鼎","96294","1393023","14.40","14.55","14.40","14.45","0.0500","42"
"1150326","5534","長虹","688891","53202061","77.10","78.10","76.50","77.00","-0.1000","842"
"1150326","5538","東明-KY","24282","734987","30.80","30.90","30.05","30.05","0.2500","26"
"1150326","5546","永固-KY","5029","87208","17.55","17.55","17.00","17.35","0.2000","7"
"1150326","5607","遠雄港","293228","13623214","46.95","46.95","46.10","46.20","-0.5500","280"
"1150326","5608","四維航","1313355","21981269","16.90","17.00","16.60","16.60","-0.3500","1020"
"1150326","5706","鳳凰","225360","11768137","52.20","52.50","51.90","51.90","0.0000","486"
"1150326","5871","中租-KY","8909233","970379963","108.50","109.50","107.50","109.00","2.0000","5598"
"1150326","5871A","中租-KY甲特","31230","3170850","102.00","102.00","101.50","101.50","0.0000","19"
"1150326","5876","上海商銀","5119124","202710801","39.65","39.75","39.40","39.65","0.1000","2304"
"1150326","5880","合庫金","13172877","310170716","23.45","23.65","23.35","23.50","0.1500","4944"
"1150326","5906","台南-KY","1773","84396","47.95","47.95","47.95","47.95","0.0000","5"
"1150326","5907","大洋-KY","192205","1132793","5.92","5.98","5.79","5.84","-0.0800","105"
"1150326","6005","群益證","3487408","98288043","28.30","28.45","27.95","28.15","-0.0500","1887"
"1150326","6024","群益期","182753","9987070","55.20","55.20","54.40","54.70","-0.2000","185"
"1150326","6108","競國","189513","3120225","16.60","16.60","16.35","16.35","-0.1000","368"
"1150326","6112","邁達特","366937","16389117","45.20","45.30","44.30","44.45","-0.4500","401"
"1150326","6115","鎰勝","95397","4489517","47.45","47.45","47.00","47.10","0.1500","78"
"1150326","6116","彩晶","11144621","93704023","8.48","8.53","8.30","8.31","-0.1000","3512"
"1150326","6117","迎廣","196181","14278815","72.60","73.40","72.30","72.60","0.5000","162"
"1150326","6120","達運","2017198","26536165","13.40","13.60","12.90","12.90","-0.3500","1094"
"1150326","6128","上福","62314","1344622","21.35","21.85","21.35","21.45","-0.0500","52"
"1150326","6133","金橋","1551108","36611161","23.70","24.25","22.90","23.00","-0.4000","1025"
"1150326","6136","富爾特","192494","4707460","24.30","24.55","24.30","24.40","0.1500","234"
"1150326","6139","亞翔","11115049","6825847567","659.00","669.00","589.00","589.00","-65.0000","26430"
"1150326","6141","柏承","1443658","31679301","21.75","22.40","21.25","21.40","-1.6000","696"
"1150326","6142","友勁","622396","6317362","10.15","10.35","10.00","10.00","-0.1500","567"
"1150326","6152","百一","5500097","103888055","19.10","19.40","18.50","18.50","-0.2500","1523"
"1150326","6153","嘉聯益","2307872","38328692","16.75","17.00","16.35","16.35","-0.2000","1230"
"1150326","6155","鈞寶","609818","26902404","44.95","45.75","42.90","42.90","-1.3500","597"
"1150326","6164","華興","511272","6492006","12.75","13.00","12.50","12.55","-0.1000","602"
"1150326","6165","浪凡","570099","27370071","47.90","48.75","47.40","47.40","-0.0500","522"
"1150326","6166","凌華","289474","17422648","61.00","61.00","59.80","59.80","-0.8000","316"
"1150326","6168","宏齊","22186255","584622689","26.85","27.50","25.20","25.50","-1.3500","10851"
"1150326","6176","瑞儀","3697606","341906248","92.30","94.50","91.40","91.40","-0.6000","3790"
"1150326","6177","達麗","310304","14975009","48.05","48.95","47.80","47.80","-0.4000","462"
"1150326","6183","關貿","16878","1570758","95.10","95.10","92.60","92.60","-0.6000","569"
"1150326","6184","大豐電","38976","1866612","48.10","48.10","47.80","47.85","-0.1000","91"
"1150326","6189","豐藝","443316","20939833","47.85","47.85","47.00","47.00","-0.6000","1391"
"1150326","6191","精成科","3049999","288265667","94.80","96.60","92.40","92.40","-1.7000","3313"
"1150326","6192","巨路","129886","15515896","120.00","120.50","118.50","119.50","0.5000","177"
"1150326","6196","帆宣","2821772","837279600","305.00","307.50","288.00","290.00","-10.0000","3704"
"1150326","6197","佳必琪","3293881","568356227","176.50","178.00","168.50","169.50","-6.5000","4971"
"1150326","6201","亞弘電","18603","943089","51.10","51.10","50.40","50.70","-0.2000","56"
"1150326","6202","盛群","1470810","75026259","51.80","52.40","50.00","50.40","-1.4000","1622"
"1150326","6205","詮欣","2125146","122495598","60.20","60.70","55.70","55.70","-3.9000","1898"
"1150326","6206","飛捷","346515","35117120","102.00","102.50","100.50","101.00","-0.5000","389"
"1150326","6209","今國光","1945582","102356195","53.90","54.20","51.80","51.80","-1.7000","1585"
"1150326","6213","聯茂","17160291","2524470441","145.50","151.50","143.50","144.00","-1.5000","12220"
"1150326","6214","精誠","281720","30831007","110.00","110.00","109.00","109.00","-1.0000","784"
"1150326","6215","和椿","692358","71487226","105.50","105.50","101.50","101.50","-3.0000","1999"
"1150326","6216","居易","90224","2307253","25.55","25.95","25.30","25.55","0.0500","122"
"1150326","6224","聚鼎","149393","6135807","41.15","41.75","40.25","40.25","-0.8500","259"
"1150326","6225","天瀚","19168","400076","21.20","21.20","20.50","20.50","-0.7000","24"
"1150326","6226","光鼎","1359837","17623984","13.50","13.50","12.45","12.45","-0.7500","1048"
"1150326","6230","尼得科超眾","154234","24582722","160.50","163.50","153.50","156.00","0.5000","305"
"1150326","6235","華孚","344916","16333541","48.25","48.25","46.80","46.80","-0.7000","436"
"1150326","6239","力成","9624054","1971389314","207.50","211.50","198.50","198.50","-5.0000","11466"
"1150326","6243","迅杰","128572","3934678","30.55","31.50","30.10","30.10","-0.3000","485"
"1150326","6257","矽格","27253421","3942699373","139.50","150.50","137.00","146.00","9.0000","23570"
"1150326","6269","台郡","1699078","105572887","61.80","63.10","61.20","61.20","-0.4000","2130"
"1150326","6271","同欣電","3299555","502895739","153.00","156.50","148.00","148.00","-3.0000","3904"
"1150326","6272","驊陞","277670","9276145","33.60","34.20","32.95","33.45","0.5000","182"
"1150326","6277","宏正","912911","58759203","60.40","65.40","60.20","65.40","5.9000","939"
"1150326","6278","台表科","947563","91220178","97.30","97.50","95.50","96.00","-1.0000","989"
"1150326","6281","全國電","73458","4267438","57.80","58.40","57.70","58.10","0.3000","150"
"1150326","6282","康舒","36787263","1873669493","49.10","52.50","48.95","49.40","1.5000","23030"
"1150326","6283","淳安","82030","1681203","20.55","20.65","20.40","20.60","0.0500","46"
"1150326","6285","啟碁","37200389","6760786478","183.00","190.00","172.00","172.00","-8.0000","41594"
"1150326","6405","悅城","1459148","46586068","30.35","32.75","30.05","31.60","1.2500","970"
"1150326","6409","旭隼","476367","357660055","758.00","768.00","740.00","740.00","-18.0000","1336"
"1150326","6412","群電","628457","48846004","77.90","78.60","77.20","77.30","0.1000","721"
"1150326","6414","樺漢","501980","134506545","267.50","271.00","265.50","266.00","-3.0000","828"
"1150326","6415","矽力*-KY","8892021","2718540254","296.50","320.00","294.50","296.00","0.0000","10055"
"1150326","6416","瑞祺電通","112746","8998317","80.50","80.90","78.90","78.90","-1.1000","584"
"1150326","6426","統新","274770","40937559","151.00","155.50","144.50","144.50","-9.0000","461"
"1150326","6431","光麗-KY","409580","9063899","20.80","22.65","20.70","22.65","2.0500","277"
"1150326","6438","迅得","4716765","835150279","182.00","182.50","172.50","172.50","-7.0000","7934"
"1150326","6442","光聖","4949952","10709047380","2085.00","2270.00","2070.00","2080.00","-45.0000","14344"
"1150326","6443","元晶","71890241","3372415074","46.70","48.20","45.35","46.30","0.3500","38318"
"1150326","6446","藥華藥","1207050","785276016","657.00","662.00","643.00","643.00","3.0000","2945"
"1150326","6449","鈺邦","297107","46997506","160.00","162.00","154.50","154.50","-4.0000","1523"
"1150326","6451","訊芯-KY","3686343","1241626972","319.00","350.50","319.00","332.00","13.0000","3891"
"1150326","6456","GIS-KY","6714175","416540333","61.40","63.60","60.50","60.50","0.1000","4714"
"1150326","6464","台數科","4006","308856","77.70","77.70","76.70","76.70","0.3000","6"
"1150326","6472","保瑞","464854","213109099","463.00","465.50","455.00","455.00","-6.0000","1679"
"1150326","6477","安集","603225","21407162","35.75","36.45","34.85","34.85","-0.4500","803"
"1150326","6491","晶碩","250946","69711469","281.00","281.00","276.50","278.50","0.0000","465"
"1150326","6504","南六","33358","1340330","40.10","40.85","40.00","40.00","-0.0500","40"
"1150326","6505","台塑化","19227069","1079220943","54.80","57.50","54.60","55.70","1.2000","9947"
"1150326","6515","穎崴","150179","1223737115","8450.00","8550.00","7905.00","8145.00","-305.0000","4725"
"1150326","6525","捷敏-KY","204922","17111349","82.80","84.20","82.60","82.80","0.2000","240"
"1150326","6526","達發","398186","201266325","502.00","516.00","496.00","496.00","-5.0000","1030"
"1150326","6531","愛普*","4351415","2263020019","514.00","531.00","509.00","509.00","-2.0000","5288"
"1150326","6533","晶心科","460356","86269177","193.50","193.50","184.00","184.00","-4.5000","932"
"1150326","6534","正瀚-創","158554","14098851","89.40","90.00","88.00","88.00","0.0000","142"
"1150326","6541","泰福-KY","373925","15598723","42.35","42.35","41.45","41.55","-0.4000","312"
"1150326","6550","北極星藥業-KY","1059467","21339872","20.50","20.80","19.90","19.90","-0.6000","553"
"1150326","6552","易華電","106208","2900674","27.70","27.80","26.95","26.95","-0.6500","116"
"1150326","6558","興能高","635291","19233254","30.25","31.30","29.40","29.40","-0.4000","824"
"1150326","6573","虹揚-KY","106026","1431606","13.90","13.90","13.30","13.30","-0.3500","67"
"1150326","6579","研揚","99606","11447706","115.50","115.50","114.50","115.50","0.0000","433"
"1150326","6581","鋼聯","27057","3005528","111.00","112.00","110.50","111.50","0.5000","42"
"1150326","6582","申豐","89323","2873500","32.15","32.55","31.75","32.45","0.5500","74"
"1150326","6585","鼎基","1150526","116132799","93.40","102.50","93.40","102.00","8.8000","1625"
"1150326","6589","台康生技","424513","24453755","59.50","59.50","56.80","56.90","-1.5000","425"
"1150326","6591","動力-KY","184662","11678205","63.50","63.80","62.60","63.10","0.0000","906"
"1150326","6592","和潤企業","3189749","207521174","65.20","66.10","64.10","64.60","-0.1000","1039"
"1150326","6592A","和潤企業甲特","388","37636","","","","","0.0000","3"
"1150326","6592B","和潤企業乙特","4384","428862","97.90","98.00","97.80","97.80","0.4000","7"
"1150326","6598","ABC-KY","233561","5549684","24.00","24.00","23.55","23.55","-0.6000","359"
"1150326","6605","帝寶","250425","34542782","139.50","139.50","137.00","138.00","-1.5000","336"
"1150326","6606","建德工業","65062","1565268","24.20","24.25","24.00","24.10","0.0500","28"
"1150326","6614","資拓宏宇","35588","1518116","42.95","43.15","42.50","42.50","-0.4500","43"
"1150326","6625","必應","167403","12927737","77.10","77.80","76.80","76.80","-0.3000","251"
"1150326","6641","基士德-KY","10106","195128","19.80","19.80","18.80","18.80","-0.3500","10"
"1150326","6645","金萬林-創","62123","860433","13.75","14.20","13.65","13.65","-0.1500","50"
"1150326","6655","科定","75","9364","","","","","0.0000","4"
"1150326","6657","華安","187943","8285432","44.60","45.00","43.80","43.80","-0.6500","194"
"1150326","6658","聯策","1157459","81845999","70.00","73.00","69.00","69.10","-0.4000","1129"
"1150326","6666","羅麗芬-KY","4606","190982","41.95","41.95","41.20","41.20","-0.3000","10"
"1150326","6668","中揚光","298991","10302046","34.30","35.10","34.00","34.40","0.7500","351"
"1150326","6669","緯穎","4830878","17165239180","3600.00","3645.00","3465.00","3465.00","-295.0000","61796"
"1150326","6670","復盛應用","325360","88539260","278.50","278.50","270.00","271.00","-6.5000","5308"
"1150326","6671","三能-KY","216849","6500143","31.45","31.45","29.50","29.50","-1.3000","128"
"1150326","6672","騰輝電子-KY","13693783","1840094140","132.50","140.00","130.00","130.50","2.5000","11565"
"1150326","6674","鋐寶科技","24500","443399","18.10","18.35","17.95","18.10","0.0000","24"
"1150326","6689","伊雲谷","1351552","111595100","83.80","84.50","80.90","80.90","-4.2000","1597"
"1150326","6691","洋基工程","1421962","853321263","618.00","618.00","590.00","590.00","-25.0000","3877"
"1150326","6695","芯鼎","292767","11877354","40.60","41.70","39.85","39.95","-0.4500","658"
"1150326","6698","旭暉應材","171744","5345383","31.20","31.80","30.70","30.85","-0.2500","276"
"1150326","6706","惠特","17866562","2402758802","132.50","139.50","129.50","132.00","1.0000","15154"
"1150326","6715","嘉基","474261","155610319","325.00","333.50","322.00","322.00","17.5000","475"
"1150326","6719","力智","395836","66973927","170.00","172.50","166.50","166.50","-3.0000","513"
"1150326","6722","輝創","57608","2335103","41.00","41.00","40.00","40.55","-0.2000","43"
"1150326","6742","澤米","117611","4871291","41.70","41.95","41.10","41.10","-0.2500","203"
"1150326","6743","安普新","69319","1640467","23.75","23.80","23.60","23.80","0.0500","89"
"1150326","6753","龍德造船","1139012","152446462","133.00","136.50","130.00","131.00","-1.0000","1181"
"1150326","6754","匯僑設計","7398","335544","45.70","45.70","45.00","45.10","-0.5000","24"
"1150326","6756","威鋒電子","173233","13172400","77.50","78.30","74.80","75.10","-1.0000","483"
"1150326","6757","台灣虎航","896863","48222592","55.20","55.20","53.20","53.30","-1.8000","2449"
"1150326","6768","志強-KY","189866","17334265","92.10","92.30","90.40","90.50","-1.0000","275"
"1150326","6770","力積電","289190595","18722999356","65.30","67.50","62.80","62.80","-2.2000","139041"
"1150326","6771","平和環保-創","25025","1102800","44.00","44.50","43.90","43.95","0.0000","21"
"1150326","6776","展碁國際","907348","55712873","62.70","63.00","60.20","60.20","-2.5000","857"
"1150326","6781","AES-KY","1633208","1835944405","1130.00","1175.00","1075.00","1075.00","-50.0000","4786"
"1150326","6782","視陽","327168","65112916","204.00","205.50","195.00","195.00","-8.5000","908"
"1150326","6789","采鈺","3455211","1157112476","334.00","344.00","324.50","325.00","-3.0000","4942"
"1150326","6790","永豐實","331319","13467835","40.30","40.75","40.30","40.65","0.4000","347"
"1150326","6792","詠業","148139","8614590","57.00","59.60","56.70","57.40","0.5000","125"
"1150326","6794","向榮生技","20096","1591269","81.00","81.00","78.20","79.20","-0.1000","28"
"1150326","6796","晉弘","53931","3915381","72.10","73.20","71.80","72.80","0.8000","61"
"1150326","6799","來頡","72565","5700267","79.00","80.00","77.70","77.80","-1.1000","187"
"1150326","6805","富世達","1881168","3705298550","1930.00","2045.00","1905.00","1905.00","0.0000","4374"
"1150326","6806","森崴能源","614477","24079909","39.50","39.85","38.80","38.95","-0.1500","720"
"1150326","6807","峰源-KY","3100","134140","43.10","43.60","43.10","43.20","0.1000","4"
"1150326","6830","汎銓","2349656","1109462417","469.00","474.00","459.50","474.00","43.0000","2961"
"1150326","6831","邁科","3012156","1170011251","388.00","399.00","374.50","390.00","27.0000","4523"
"1150326","6834","天二科技","173605","5333639","31.50","31.50","30.40","30.70","0.0000","133"
"1150326","6835","圓裕","362000","13992500","39.00","39.10","38.05","38.05","-0.7500","230"
"1150326","6838","台新藥","233122","6189325","26.50","27.00","26.05","26.55","0.3500","159"
"1150326","6854","錼創科技-KY創","2819898","442794761","159.50","164.00","152.50","152.50","0.5000","3155"
"1150326","6861","睿生光電","1119184","165793114","155.50","156.50","140.00","144.50","-5.5000","1157"
"1150326","6862","三集瑞-KY","353618","66975068","185.50","194.00","185.00","185.00","0.5000","982"
"1150326","6863","永道-KY","57552","5234624","90.80","92.00","90.00","90.00","-0.8000","94"
"1150326","6869","雲豹能源","447540","41231266","93.50","93.60","91.00","91.70","-1.1000","625"
"1150326","6873","泓德能源","924102","83676255","92.00","93.30","89.20","89.20","-2.5000","1186"
"1150326","6885","全福生技","168275","4029331","25.00","25.00","23.80","23.90","-0.1000","355"
"1150326","6887","寶綠特-KY","12000","518200","43.55","43.55","43.00","43.05","-0.5000","11"
"1150326","6890","來億-KY","537808","89919943","164.50","169.50","164.50","165.50","1.0000","612"
"1150326","6901","鑽石投資","320442","4509782","14.25","14.25","13.95","14.00","-0.0500","401"
"1150326","6902","GOGOLOOK","42163","3163464","76.40","76.40","74.70","75.50","-0.9000","377"
"1150326","6906","現觀科","25418","1739145","68.10","69.90","68.00","69.00","0.1000","36"
"1150326","6908","宏碁遊戲-創","281334","12823697","47.35","47.40","45.00","45.00","-3.1000","294"
"1150326","6909","創控","2213581","107067980","48.90","50.00","46.00","46.10","-1.9500","1965"
"1150326","6914","阜爾運通","183514","27994908","150.00","154.50","150.00","153.00","4.0000","310"
"1150326","6916","華凌","4020","73115","18.35","18.35","17.95","17.95","-0.4500","6"
"1150326","6918","愛派司","83071","7034198","84.60","85.00","84.30","85.00","0.8000","144"
"1150326","6919","康霈*","22833531","1988450184","92.50","92.60","83.90","85.60","-6.2000","20788"
"1150326","6921","嘉雨思-創","62100","4450400","71.40","74.20","70.20","70.40","-0.9000","40"
"1150326","6923","中台","109418","8559454","80.00","80.00","77.70","78.00","-2.4000","157"
"1150326","6924","榮惠-KY創","94554","7563027","73.80","81.10","73.80","80.60","6.8000","89"
"1150326","6928","攸泰科技","79172","3703733","46.45","47.60","46.20","46.60","0.5000","76"
"1150326","6931","青松健康","33445","1697068","51.30","51.30","50.60","50.60","-0.3000","69"
"1150326","6933","AMAX-KY","87056","11294060","131.00","133.50","127.50","128.00","1.0000","360"
"1150326","6934","心誠鎂","321137","23145416","74.90","74.90","70.00","71.70","-3.2000","281"
"1150326","6936","永鴻生技","19002","652368","34.35","34.40","34.30","34.40","0.1000","15"
"1150326","6937","天虹","871100","234648879","272.00","273.50","264.00","270.00","4.0000","1290"
"1150326","6944","兆聯實業","692247","541870208","803.00","803.00","775.00","777.00","-8.0000","2299"
"1150326","6949","沛爾生醫-創","178861","103207125","570.00","589.00","567.00","579.00","11.0000","533"
"1150326","6951","青新-創","32048","2546024","79.60","79.90","79.30","79.70","0.2000","52"
"1150326","6952","大武山","13040","512123","39.50","39.55","38.85","39.30","0.0000","12"
"1150326","6955","邦睿生技-創","5001","835165","167.50","167.50","166.00","166.00","0.0000","5"
"1150326","6957","裕慶-KY","52569","8453561","163.00","163.00","159.00","159.00","-4.0000","148"
"1150326","6958","日盛台駿","81248","1385416","17.25","17.25","16.90","17.20","0.0000","54"
"1150326","6958A","日盛台駿甲特","20020","369370","18.50","18.50","18.40","18.40","-0.1000","15"
"1150326","6962","奕力-KY","6071344","199648854","31.30","33.90","31.25","33.90","3.0500","3633"
"1150326","6965","中傑-KY","60726","5172694","84.20","86.00","84.20","85.10","0.9000","112"
"1150326","6969","成信實業*-創","152197","4270007","28.20","28.45","27.90","28.20","0.0500","75"
"1150326","6988","威力暘-創","23000","326900","14.30","14.30","14.15","14.15","0.0000","14"
"1150326","6994","富威電力","406532","30739035","77.10","77.10","74.20","74.20","-1.4000","388"
"1150326","7610","聯友金屬-創","1527848","567798506","378.00","386.00","364.00","368.00","-12.0000","2648"
"1150326","7631","聚賢研發-創","48114","5491937","111.00","117.50","110.50","116.50","1.0000","33"
"1150326","7705","三商餐飲","13244","467345","35.55","35.55","35.10","35.15","0.1500","45"
"1150326","7711","永擎","507298","144089421","292.50","292.50","278.00","280.00","4.0000","961"
"1150326","7721","微程式","486171","26829843","50.70","55.70","50.50","55.70","5.0000","296"
"1150326","7722","LINEPAY","90814","28983481","324.50","327.00","316.00","320.00","-4.5000","1050"
"1150326","7730","暉盛-創","133440","23036918","173.00","176.50","170.00","171.50","1.5000","232"
"1150326","7732","金興精密","2010","72292","36.00","36.00","35.95","35.95","0.0000","3"
"1150326","7736","虎山","36266","2943929","80.50","83.00","80.00","81.10","0.0000","44"
"1150326","7740","熙特爾-創","268068","50131618","198.00","198.00","183.00","185.00","-4.0000","509"
"1150326","7749","意騰-KY","114999","45459244","398.00","399.00","391.00","391.00","-4.5000","268"
"1150326","7750","新代","215724","280541930","1260.00","1330.00","1255.00","1290.00","25.0000","725"
"1150326","7765","中華資安","42155","9318778","222.00","223.00","220.50","221.00","-1.0000","110"
"1150326","7769","鴻勁","848658","3296168140","3935.00","3950.00","3825.00","3850.00","-15.0000","4281"
"1150326","7780","大研生醫*","1698498","33969960","20.00","20.00","20.00","20.00","1.8000","752"
"1150326","7786","東方風能","169997","22905134","139.00","139.00","132.00","132.00","-5.0000","354"
"1150326","7788","松川精密","805352","122382091","154.00","161.00","146.00","148.00","-6.0000","916"
"1150326","7791","皇家可口","33748","2262007","66.90","67.50","66.70","66.90","0.4000","100"
"1150326","7795","長廣","1864593","713926399","415.00","415.00","371.00","379.00","-33.0000","3572"
"1150326","7799","禾榮科","180727","70341520","393.00","393.00","388.00","388.00","-1.5000","550"
"1150326","7823","奧義賽博-KY創","28060","2319189","85.50","85.50","82.00","82.50","-3.3000","24"
"1150326","8011","台通","2305541","47560102","20.90","21.15","20.00","20.00","-0.8000","1228"
"1150326","8016","矽創","528622","105278091","198.50","201.00","196.50","199.50","2.5000","840"
"1150326","8021","尖點","16326308","4259978863","252.00","268.00","250.00","256.50","9.0000","20681"
"1150326","8028","昇陽半導體","28381506","5607531593","200.50","204.50","193.50","196.00","-3.5000","23085"
"1150326","8033","雷虎","2136482","312300008","148.00","150.00","142.50","142.50","-5.0000","2511"
"1150326","8039","台虹","7421894","847444807","116.50","118.00","111.00","111.00","-1.5000","6491"
"1150326","8045","達運光電","166751","12816968","76.10","78.30","75.00","76.40","1.3000","188"
"1150326","8046","南電","31163172","17869634397","550.00","593.00","544.00","569.00","29.0000","33836"
"1150326","8070","長華*","3182125","144519733","46.20","46.60","44.75","44.90","-0.8500","3886"
"1150326","8072","陞泰","98613","2694870","27.95","27.95","27.20","27.20","-0.4000","194"
"1150326","8081","致新","396369","93154706","239.00","239.00","232.50","233.00","-4.5000","494"
"1150326","8101","華冠","5827","81603","14.30","14.30","13.80","13.80","-0.0500","40"
"1150326","8103","瀚荃","1022537","85703860","86.30","86.70","82.30","82.30","-3.5000","1873"
"1150326","8104","錸寶","3049566","107956256","35.00","36.20","34.55","34.60","0.4000","2084"
"1150326","8105","凌巨","1053274","13658636","13.15","13.20","12.85","12.95","-0.1000","469"
"1150326","8110","華東","15320924","829142313","55.00","56.40","52.40","52.50","-2.3000","9967"
"1150326","8112","至上","11005359","902543388","83.40","85.50","79.50","79.50","-3.4000","10007"
"1150326","8112A","至上甲特","27224","1251808","46.00","46.00","45.90","46.00","0.0000","11"
"1150326","8114","振樺電","250207","44195433","178.00","178.00","175.50","175.50","-1.0000","325"
"1150326","8131","福懋科","17217885","1159497616","68.30","69.10","64.40","64.70","1.8000","11258"
"1150326","8150","南茂","7624594","455707744","59.30","60.90","58.50","58.50","-0.6000","5464"
"1150326","8162","微矽電子-創","120530","4831335","39.95","40.80","39.50","39.50","-0.2500","179"
"1150326","8163","達方","947291","27077508","28.35","29.10","28.20","28.50","0.3000","1049"
"1150326","8201","無敵","34721","456016","13.10","13.25","13.00","13.10","0.0000","41"
"1150326","8210","勤誠","2837335","2575391583","916.00","923.00","893.00","903.00","-1.0000","7660"
"1150326","8213","志超","1284938","42128491","32.90","33.20","32.60","32.70","0.1000","735"
"1150326","8215","明基材","2121656","49938736","24.20","24.40","23.00","23.00","-1.0000","1760"
"1150326","8222","寶一","285502","10503630","36.80","37.40","36.55","36.60","-0.5000","335"
"1150326","8249","菱光","716585","36545022","51.40","52.30","50.00","50.30","-0.1000","802"
"1150326","8261","富鼎","1669113","175288225","106.00","107.00","103.50","103.50","-1.0000","2152"
"1150326","8271","宇瞻","1225970","183684369","155.00","158.50","146.00","146.00","-14.0000","2106"
"1150326","8341","日友","120656","9259409","76.80","77.10","76.50","76.50","-0.3000","181"
"1150326","8367","建新國際","39206","1692471","43.00","43.30","43.00","43.25","0.0000","53"
"1150326","8374","羅昇","165953","11540187","71.10","71.30","68.60","68.60","-1.5000","198"
"1150326","8404","百和興業-KY","555499","10600021","19.50","19.50","18.95","18.95","-0.2000","233"
"1150326","8411","福貞-KY","44249","539558","12.30","12.30","12.10","12.25","-0.0500","37"
"1150326","8422","可寧衛*","11254847","337086483","30.60","30.70","29.50","29.50","-0.7000","8159"
"1150326","8429","金麗-KY","69568","483595","6.99","6.99","6.93","6.94","0.0200","150"
"1150326","8438","昶昕","1224891","80922693","66.00","67.10","65.20","65.40","-0.3000","1311"
"1150326","8442","威宏-KY","32330","1703212","52.90","53.50","52.20","52.40","0.3000","35"
"1150326","8443","阿瘦","36351","430945","11.90","11.90","11.85","11.90","0.0500","204"
"1150326","8454","富邦媒","295502","53546181","180.50","182.50","180.00","181.00","1.5000","770"
"1150326","8462","柏文","197584","28702355","143.50","147.50","143.00","145.50","3.5000","209"
"1150326","8463","潤泰材","64528","1489405","23.30","23.50","23.00","23.15","0.1500","52"
"1150326","8464","億豐","1517141","513992056","344.50","344.50","336.00","340.00","-2.5000","1764"
"1150326","8466","美吉吉-KY","47125","837807","17.70","18.00","17.60","17.70","0.0000","45"
"1150326","8467","波力-KY","21834","3340732","155.00","155.00","151.50","153.00","0.5000","33"
"1150326","8473","山林水","1065258","42992422","41.10","41.25","39.75","40.05","-1.0500","1429"
"1150326","8476","台境*","678444","13587457","20.70","20.70","19.80","19.80","-0.4500","456"
"1150326","8478","東哥遊艇","201314","33506413","165.50","170.50","162.00","162.00","-3.0000","257"
"1150326","8481","政伸","8121","341522","41.85","42.25","41.85","42.25","0.2500","9"
"1150326","8482","商億-KY","1000","49400","49.40","49.40","49.40","49.40","0.2000","1"
"1150326","8487","愛爾達-創","7196","575357","79.90","80.00","79.90","79.90","0.0000","72"
"1150326","8488","吉源-KY","1000","9910","9.91","9.91","9.91","9.91","0.0300","1"
"1150326","8499","鼎炫-KY","95209","24829054","260.50","265.50","256.00","256.00","-2.5000","443"
"1150326","8926","台汽電","1701213","79038946","46.45","46.75","46.15","46.60","0.4500","1181"
"1150326","8940","新天地","25259","470907","18.85","18.85","18.50","18.70","0.1000","43"
"1150326","8996","高力","3439060","2931570225","838.00","875.00","830.00","845.00","25.0000","6934"
"1150326","9103","美德醫療-DR","732322","3805028","5.30","5.30","5.13","5.13","-0.0100","242"
"1150326","910322","康師傅-DR","5158","133070","25.85","25.90","25.70","25.70","-0.6000","8"
"1150326","9105","泰金寶-DR","9443446","53744489","5.65","5.75","5.62","5.62","0.0300","1947"
"1150326","910861","神州-DR","647215","2942532","4.71","4.71","4.50","4.54","-0.1600","135"
"1150326","9110","越南控-DR","73000","221720","3.02","3.20","3.02","3.04","-0.1600","18"
"1150326","911608","明輝-DR","72000","211720","2.95","2.99","2.92","2.96","0.0100","19"
"1150326","911622","泰聚亨-DR","14003","55541","4.00","4.03","3.91","3.99","0.0000","11"
"1150326","911868","同方友友-DR","105010","130702","1.25","1.26","1.24","1.26","0.0100","28"
"1150326","912000","晨訊科-DR","309000","783120","2.55","2.58","2.50","2.52","-0.0300","95"
"1150326","9136","巨騰-DR","2617716","28356867","11.05","11.15","10.20","10.95","-0.1000","759"
"1150326","9802","鈺齊-KY","930906","74200915","80.20","80.50","79.30","79.90","-0.4000","1146"
"1150326","9902","台火","480293","6920321","14.60","14.60","14.30","14.30","-0.1500","338"
"1150326","9904","寶成","4427198","126935100","28.90","28.90","28.55","28.60","0.0000","2002"
"1150326","9905","大華","32359","676204","20.90","20.95","20.80","20.85","-0.0500","49"
"1150326","9906","欣巴巴","487175","21768991","43.45","45.30","42.85","45.20","1.9000","358"
"1150326","9907","統一實","2398001","43512856","18.15","18.25","18.00","18.10","0.1000","1047"
"1150326","9908","大台北","548185","16489559","29.80","30.20","29.80","30.10","0.2000","419"
"1150326","9910","豐泰","1103316","89756375","82.70","82.70","80.70","80.70","-1.3000","2228"
"1150326","9911","櫻花","1103229","98708042","91.00","91.00","88.90","88.90","-1.9000","13862"
"1150326","9912","偉聯","37029","462056","12.50","12.60","12.45","12.55","-0.0500","152"
"1150326","9914","美利達","968443","65502218","68.00","68.40","67.10","67.50","-0.1000","1059"
"1150326","9917","中保科","452026","51406329","114.00","114.50","113.50","113.50","-0.5000","3766"
"1150326","9918","欣天然","748749","36484540","47.00","50.00","47.00","49.35","1.8500","789"
"1150326","9919","康那香","301562","4710340","15.65","15.75","15.55","15.55","0.0500","351"
"1150326","9921","巨大","1543000","110103167","72.20","72.20","70.70","71.40","0.4000","1417"
"1150326","9924","福興","206227","9821400","49.50","49.50","46.75","47.00","-2.8000","1553"
"1150326","9925","新保","107740","4386776","40.85","40.85","40.65","40.75","0.0500","113"
"1150326","9926","新海","85544","4267043","49.95","50.00","49.75","49.95","-0.0500","94"
"1150326","9927","泰銘","74585","5057505","67.80","68.00","67.50","67.60","0.2000","94"
"1150326","9928","中視","80827","1419668","17.75","17.75","17.40","17.65","-0.1000","62"
"1150326","9929","秋雨","44615","551897","12.50","12.50","12.25","12.25","-0.6500","36"
"1150326","9930","中聯資源","38453","2716649","71.10","71.10","70.20","70.60","0.0000","65"
"1150326","9931","欣高","658805","26043891","38.95","40.50","38.50","39.45","1.2000","543"
"1150326","9933","中鼎","13182811","511982409","39.70","40.30","38.10","38.55","-0.8500","12357"
"1150326","9934","成霖","521085","4967313","9.53","9.66","9.42","9.51","0.0300","212"
"1150326","9935","慶豐富","104522","2064962","19.90","20.00","19.65","19.65","-0.2000","167"
"1150326","9937","全國","58167","3296334","56.70","56.90","56.40","56.60","0.0000","60"
"1150326","9938","百和","530433","25123846","47.75","47.75","47.15","47.30","-0.1500","761"
"1150326","9939","宏全","503915","60456138","120.00","120.50","119.50","120.00","0.0000","647"
"1150326","9940","信義","245403","4931179","20.45","20.45","20.00","20.05","-0.1000","178"
"1150326","9941","裕融","4283464","333983881","78.00","78.50","77.60","77.90","-0.1000","2011"
"1150326","9941A","裕融甲特","20272","1023900","50.40","50.60","50.40","50.60","0.2000","24"
"1150326","9942","茂順","72816","8346127","114.00","115.00","114.00","115.00","1.0000","66"
"1150326","9943","好樂迪","42120","2473688","59.40","59.40","58.50","58.50","-0.7000","128"
"1150326","9944","新麗","63682","1037492","16.40","16.45","16.10","16.30","-0.1000","119"
"1150326","9945","潤泰新","3860106","98230317","25.50","25.60","25.25","25.45","0.1000","2154"
"1150326","9946","三發地產","140070","2549120","18.40","18.45","18.15","18.15","-0.2000","109"
"1150326","9955","佳龍","362715","11350083","31.75","31.75","31.00","31.00","-0.7500","437"
"1150326","9958","世紀鋼","1162665","140876484","124.50","124.50","119.50","119.50","-4.5000","1462"
